rule,bytes,steps,ms_per_step,init_seconds,evolution_seconds,evolution_cpu_seconds,cpu_percent_machine,peak_MB,process_wall_seconds,checksum,file
xor,1000000,3,0.021666666666666664,0.0004287,6.62e-05,0,0.0,7.405568,0.01403960000607185,6c5483832bf83227,experiments/rule-comparison/raw/bench-xor-1000000-0.json
add,1000000,3,0.12143333333333334,0.0004227,0.0003657,0,0.0,7.41376,0.010346199997002259,ab387aa844b0132e,experiments/rule-comparison/raw/bench-add-1000000-0.json
local,1000000,3,0.47809999999999997,0.0004902,0.0014366,0,0.0,7.426048,0.032436200010124594,457aa0dca7cfb337,experiments/rule-comparison/raw/bench-local-1000000-0.json
add,1000000,3,0.12246666666666668,0.0004311,0.0003692,0,0.0,7.426048,0.015855999998166226,ab387aa844b0132e,experiments/rule-comparison/raw/bench-add-1000000-1.json
local,1000000,3,0.09066666666666667,0.0004222,0.0002729,0,0.0,7.41376,0.009396900000865571,457aa0dca7cfb337,experiments/rule-comparison/raw/bench-local-1000000-1.json
xor,1000000,3,0.02173333333333333,0.000422,6.66e-05,0,0.0,7.405568,0.009015100004035048,6c5483832bf83227,experiments/rule-comparison/raw/bench-xor-1000000-1.json
local,1000000,3,0.09573333333333334,0.0004337,0.0002898,0,0.0,7.41376,0.01031420000072103,457aa0dca7cfb337,experiments/rule-comparison/raw/bench-local-1000000-2.json
xor,1000000,3,0.021566666666666668,0.0003998,6.59e-05,0,0.0,7.417856,0.010816800000611693,6c5483832bf83227,experiments/rule-comparison/raw/bench-xor-1000000-2.json
add,1000000,3,0.12053333333333334,0.0004581,0.000364,0,0.0,7.421952,0.0088164000044344,ab387aa844b0132e,experiments/rule-comparison/raw/bench-add-1000000-2.json
xor,16000000,3,0.6022,0.0058204,0.0018093,0,0.0,52.404224,0.01974609999160748,1d346c5183778696,experiments/rule-comparison/raw/bench-xor-16000000-0.json
add,16000000,3,1.9429,0.0058346,0.0058321,0.015625,16.74461171790607,52.40832,0.023672700001043268,fb4196aba0674a6b,experiments/rule-comparison/raw/bench-add-16000000-0.json
local,16000000,3,1.2907333333333335,0.0057502,0.0038753,0,0.0,52.40832,0.02240919999894686,39228856e32e1706,experiments/rule-comparison/raw/bench-local-16000000-0.json
add,16000000,3,1.9418999999999997,0.0062174,0.005828,0.015625,16.756391557995883,52.40832,0.025608700001612306,fb4196aba0674a6b,experiments/rule-comparison/raw/bench-add-16000000-1.json
local,16000000,3,1.2971333333333332,0.0057319,0.0038954,0,0.0,52.416512,0.02157460000307765,39228856e32e1706,experiments/rule-comparison/raw/bench-local-16000000-1.json
xor,16000000,3,0.3889666666666667,0.0056928,0.0011694,0,0.0,52.412416,0.026077800008351915,1d346c5183778696,experiments/rule-comparison/raw/bench-xor-16000000-1.json
local,16000000,3,1.3906999999999998,0.0056903,0.0041755,0,0.0,52.404224,0.0218209000013303,39228856e32e1706,experiments/rule-comparison/raw/bench-local-16000000-2.json
xor,16000000,3,0.40470000000000006,0.0058353,0.0012164,0,0.0,52.416512,0.01900980000209529,1d346c5183778696,experiments/rule-comparison/raw/bench-xor-16000000-2.json
add,16000000,3,1.9397333333333335,0.0056695,0.0058216,0,0.0,52.40832,0.027606999996351078,fb4196aba0674a6b,experiments/rule-comparison/raw/bench-add-16000000-2.json
xor,1000000000,3,81.65553333333332,0.4372678,0.2449836,0.25,6.377977954442665,3004.420096,0.9320219999935944,f0f9e4dde6378c3a,experiments/rule-comparison/raw/bench-xor-1000000000-0.json
add,1000000000,3,124.68836666666665,0.3955703,0.3740788,0.375,6.265391142187155,3004.416,1.0045087000034982,82f55c0a7b7148f0,experiments/rule-comparison/raw/bench-add-1000000000-0.json
local,1000000000,3,98.25226666666667,0.3558183,0.2947701,0.296875,6.2946301202191135,3004.403712,0.8761512000055518,f883fb1ed20c1a88,experiments/rule-comparison/raw/bench-local-1000000000-0.json
add,1000000000,3,122.8978,0.3527961,0.3687061,0.359375,6.091826932074083,3004.420096,0.9205042999965372,82f55c0a7b7148f0,experiments/rule-comparison/raw/bench-add-1000000000-1.json
local,1000000000,3,93.39050000000002,0.3793006,0.2801859,0.265625,5.92519555766368,3004.416,0.8656372999976156,f883fb1ed20c1a88,experiments/rule-comparison/raw/bench-local-1000000000-1.json
xor,1000000000,3,77.5193,0.3528472,0.2325729,0.234375,6.298428363751753,3004.407808,0.8025917999912053,f0f9e4dde6378c3a,experiments/rule-comparison/raw/bench-xor-1000000000-1.json
local,1000000000,3,84.6426,0.3278267,0.2539408,0.25,6.153008890261036,3004.407808,0.7804142999957548,f883fb1ed20c1a88,experiments/rule-comparison/raw/bench-local-1000000000-2.json
xor,1000000000,3,68.22523333333332,0.3461599,0.2046893,0.203125,6.202235534539422,3004.416,0.7374909999925876,f0f9e4dde6378c3a,experiments/rule-comparison/raw/bench-xor-1000000000-2.json
add,1000000000,3,124.12683333333332,0.3328765,0.372393,0.359375,6.031514421592243,3004.416,0.9164891999971587,82f55c0a7b7148f0,experiments/rule-comparison/raw/bench-add-1000000000-2.json
