group,seed,rule,limbs,steps,first_return,final_hamming,max_hamming,final_changed_limbs,fraction_changed_bits,file
development,0,xor,1,4096,64,1,1,1,0.015625,experiments/rule-comparison/raw/damage-xor-0.json
development,0,xor,3,4096,192,1,1,1,0.005208333333333333,experiments/rule-comparison/raw/damage-xor-0.json
development,0,xor,17,4096,2176,1,1,1,0.0009191176470588235,experiments/rule-comparison/raw/damage-xor-0.json
development,0,xor,256,4096,0,1,1,1,6.103515625e-05,experiments/rule-comparison/raw/damage-xor-0.json
development,0,add,1,4096,64,1,1,1,0.015625,experiments/rule-comparison/raw/damage-add-0.json
development,0,add,3,4096,0,21,65,1,0.109375,experiments/rule-comparison/raw/damage-add-0.json
development,0,add,17,4096,0,1,65,1,0.0009191176470588235,experiments/rule-comparison/raw/damage-add-0.json
development,0,add,256,4096,0,3,65,1,0.00018310546875,experiments/rule-comparison/raw/damage-add-0.json
development,0,local,1,4096,0,32,47,1,0.5,experiments/rule-comparison/raw/damage-local-0.json
development,0,local,3,4096,0,102,121,3,0.53125,experiments/rule-comparison/raw/damage-local-0.json
development,0,local,17,4096,0,526,614,17,0.4834558823529412,experiments/rule-comparison/raw/damage-local-0.json
development,0,local,256,4096,0,8115,8406,256,0.49530029296875,experiments/rule-comparison/raw/damage-local-0.json
development,1,xor,1,4096,128,1,1,1,0.015625,experiments/rule-comparison/raw/damage-xor-1.json
development,1,xor,3,4096,384,1,1,1,0.005208333333333333,experiments/rule-comparison/raw/damage-xor-1.json
development,1,xor,17,4096,2176,1,1,1,0.0009191176470588235,experiments/rule-comparison/raw/damage-xor-1.json
development,1,xor,256,4096,0,1,1,1,6.103515625e-05,experiments/rule-comparison/raw/damage-xor-1.json
development,1,add,1,4096,0,34,49,1,0.53125,experiments/rule-comparison/raw/damage-add-1.json
development,1,add,3,4096,0,14,25,1,0.07291666666666667,experiments/rule-comparison/raw/damage-add-1.json
development,1,add,17,4096,0,3,14,1,0.0027573529411764708,experiments/rule-comparison/raw/damage-add-1.json
development,1,add,256,4096,0,1,12,1,6.103515625e-05,experiments/rule-comparison/raw/damage-add-1.json
development,1,local,1,4096,0,34,46,1,0.53125,experiments/rule-comparison/raw/damage-local-1.json
development,1,local,3,4096,0,89,118,3,0.4635416666666667,experiments/rule-comparison/raw/damage-local-1.json
development,1,local,17,4096,0,569,598,17,0.5229779411764706,experiments/rule-comparison/raw/damage-local-1.json
development,1,local,256,4096,0,8238,8396,256,0.5028076171875,experiments/rule-comparison/raw/damage-local-1.json
development,42,xor,1,4096,128,1,1,1,0.015625,experiments/rule-comparison/raw/damage-xor-42.json
development,42,xor,3,4096,384,1,1,1,0.005208333333333333,experiments/rule-comparison/raw/damage-xor-42.json
development,42,xor,17,4096,1088,1,1,1,0.0009191176470588235,experiments/rule-comparison/raw/damage-xor-42.json
development,42,xor,256,4096,0,1,1,1,6.103515625e-05,experiments/rule-comparison/raw/damage-xor-42.json
development,42,add,1,4096,0,43,46,1,0.671875,experiments/rule-comparison/raw/damage-add-42.json
development,42,add,3,4096,0,20,34,1,0.10416666666666667,experiments/rule-comparison/raw/damage-add-42.json
development,42,add,17,4096,0,8,19,1,0.007352941176470588,experiments/rule-comparison/raw/damage-add-42.json
development,42,add,256,4096,0,3,12,1,0.00018310546875,experiments/rule-comparison/raw/damage-add-42.json
development,42,local,1,4096,0,37,46,1,0.578125,experiments/rule-comparison/raw/damage-local-42.json
development,42,local,3,4096,0,101,122,3,0.5260416666666666,experiments/rule-comparison/raw/damage-local-42.json
development,42,local,17,4096,0,535,612,17,0.49172794117647056,experiments/rule-comparison/raw/damage-local-42.json
development,42,local,256,4096,0,8200,8396,256,0.50048828125,experiments/rule-comparison/raw/damage-local-42.json
development,12345,xor,1,4096,128,1,1,1,0.015625,experiments/rule-comparison/raw/damage-xor-12345.json
development,12345,xor,3,4096,384,1,1,1,0.005208333333333333,experiments/rule-comparison/raw/damage-xor-12345.json
development,12345,xor,17,4096,2176,1,1,1,0.0009191176470588235,experiments/rule-comparison/raw/damage-xor-12345.json
development,12345,xor,256,4096,0,1,1,1,6.103515625e-05,experiments/rule-comparison/raw/damage-xor-12345.json
development,12345,add,1,4096,0,1,14,1,0.015625,experiments/rule-comparison/raw/damage-add-12345.json
development,12345,add,3,4096,0,13,25,1,0.06770833333333333,experiments/rule-comparison/raw/damage-add-12345.json
development,12345,add,17,4096,0,8,16,1,0.007352941176470588,experiments/rule-comparison/raw/damage-add-12345.json
development,12345,add,256,4096,0,3,15,1,0.00018310546875,experiments/rule-comparison/raw/damage-add-12345.json
development,12345,local,1,4096,0,25,46,1,0.390625,experiments/rule-comparison/raw/damage-local-12345.json
development,12345,local,3,4096,0,105,120,3,0.546875,experiments/rule-comparison/raw/damage-local-12345.json
development,12345,local,17,4096,0,542,610,17,0.49816176470588236,experiments/rule-comparison/raw/damage-local-12345.json
development,12345,local,256,4096,0,8207,8416,256,0.50091552734375,experiments/rule-comparison/raw/damage-local-12345.json
validation,20261009,xor,1,4096,64,1,1,1,0.015625,experiments/rule-comparison/raw/damage-xor-20261009.json
validation,20261009,xor,3,4096,384,1,1,1,0.005208333333333333,experiments/rule-comparison/raw/damage-xor-20261009.json
validation,20261009,xor,17,4096,1088,1,1,1,0.0009191176470588235,experiments/rule-comparison/raw/damage-xor-20261009.json
validation,20261009,xor,256,4096,0,1,1,1,6.103515625e-05,experiments/rule-comparison/raw/damage-xor-20261009.json
validation,20261009,add,1,4096,0,32,43,1,0.5,experiments/rule-comparison/raw/damage-add-20261009.json
validation,20261009,add,3,4096,0,19,26,1,0.09895833333333333,experiments/rule-comparison/raw/damage-add-20261009.json
validation,20261009,add,17,4096,0,3,14,1,0.0027573529411764708,experiments/rule-comparison/raw/damage-add-20261009.json
validation,20261009,add,256,4096,0,1,13,1,6.103515625e-05,experiments/rule-comparison/raw/damage-add-20261009.json
validation,20261009,local,1,4096,0,31,45,1,0.484375,experiments/rule-comparison/raw/damage-local-20261009.json
validation,20261009,local,3,4096,0,85,119,3,0.4427083333333333,experiments/rule-comparison/raw/damage-local-20261009.json
validation,20261009,local,17,4096,0,533,603,17,0.4898897058823529,experiments/rule-comparison/raw/damage-local-20261009.json
validation,20261009,local,256,4096,0,8108,8434,256,0.494873046875,experiments/rule-comparison/raw/damage-local-20261009.json
validation,314159265,xor,1,4096,128,1,1,1,0.015625,experiments/rule-comparison/raw/damage-xor-314159265.json
validation,314159265,xor,3,4096,192,1,1,1,0.005208333333333333,experiments/rule-comparison/raw/damage-xor-314159265.json
validation,314159265,xor,17,4096,2176,1,1,1,0.0009191176470588235,experiments/rule-comparison/raw/damage-xor-314159265.json
validation,314159265,xor,256,4096,0,1,1,1,6.103515625e-05,experiments/rule-comparison/raw/damage-xor-314159265.json
validation,314159265,add,1,4096,0,35,45,1,0.546875,experiments/rule-comparison/raw/damage-add-314159265.json
validation,314159265,add,3,4096,192,5,8,1,0.026041666666666668,experiments/rule-comparison/raw/damage-add-314159265.json
validation,314159265,add,17,4096,0,6,14,1,0.0055147058823529415,experiments/rule-comparison/raw/damage-add-314159265.json
validation,314159265,add,256,4096,0,1,11,1,6.103515625e-05,experiments/rule-comparison/raw/damage-add-314159265.json
validation,314159265,local,1,4096,0,37,46,1,0.578125,experiments/rule-comparison/raw/damage-local-314159265.json
validation,314159265,local,3,4096,0,91,118,3,0.4739583333333333,experiments/rule-comparison/raw/damage-local-314159265.json
validation,314159265,local,17,4096,0,510,610,17,0.46875,experiments/rule-comparison/raw/damage-local-314159265.json
validation,314159265,local,256,4096,0,8123,8413,256,0.49578857421875,experiments/rule-comparison/raw/damage-local-314159265.json
validation,2718281828,xor,1,4096,64,1,1,1,0.015625,experiments/rule-comparison/raw/damage-xor-2718281828.json
validation,2718281828,xor,3,4096,384,1,1,1,0.005208333333333333,experiments/rule-comparison/raw/damage-xor-2718281828.json
validation,2718281828,xor,17,4096,1088,1,1,1,0.0009191176470588235,experiments/rule-comparison/raw/damage-xor-2718281828.json
validation,2718281828,xor,256,4096,0,1,1,1,6.103515625e-05,experiments/rule-comparison/raw/damage-xor-2718281828.json
validation,2718281828,add,1,4096,0,32,43,1,0.5,experiments/rule-comparison/raw/damage-add-2718281828.json
validation,2718281828,add,3,4096,0,26,33,1,0.13541666666666666,experiments/rule-comparison/raw/damage-add-2718281828.json
validation,2718281828,add,17,4096,0,3,14,1,0.0027573529411764708,experiments/rule-comparison/raw/damage-add-2718281828.json
validation,2718281828,add,256,4096,0,3,12,1,0.00018310546875,experiments/rule-comparison/raw/damage-add-2718281828.json
validation,2718281828,local,1,4096,0,35,46,1,0.546875,experiments/rule-comparison/raw/damage-local-2718281828.json
validation,2718281828,local,3,4096,0,96,117,3,0.5,experiments/rule-comparison/raw/damage-local-2718281828.json
validation,2718281828,local,17,4096,0,576,601,17,0.5294117647058824,experiments/rule-comparison/raw/damage-local-2718281828.json
validation,2718281828,local,256,4096,0,8233,8421,256,0.50250244140625,experiments/rule-comparison/raw/damage-local-2718281828.json
validation,18446744073709551615,xor,1,4096,128,1,1,1,0.015625,experiments/rule-comparison/raw/damage-xor-18446744073709551615.json
validation,18446744073709551615,xor,3,4096,384,1,1,1,0.005208333333333333,experiments/rule-comparison/raw/damage-xor-18446744073709551615.json
validation,18446744073709551615,xor,17,4096,2176,1,1,1,0.0009191176470588235,experiments/rule-comparison/raw/damage-xor-18446744073709551615.json
validation,18446744073709551615,xor,256,4096,0,1,1,1,6.103515625e-05,experiments/rule-comparison/raw/damage-xor-18446744073709551615.json
validation,18446744073709551615,add,1,4096,0,27,46,1,0.421875,experiments/rule-comparison/raw/damage-add-18446744073709551615.json
validation,18446744073709551615,add,3,4096,0,16,26,1,0.08333333333333333,experiments/rule-comparison/raw/damage-add-18446744073709551615.json
validation,18446744073709551615,add,17,4096,0,4,17,1,0.003676470588235294,experiments/rule-comparison/raw/damage-add-18446744073709551615.json
validation,18446744073709551615,add,256,4096,0,1,13,1,6.103515625e-05,experiments/rule-comparison/raw/damage-add-18446744073709551615.json
validation,18446744073709551615,local,1,4096,0,36,46,1,0.5625,experiments/rule-comparison/raw/damage-local-18446744073709551615.json
validation,18446744073709551615,local,3,4096,0,84,124,3,0.4375,experiments/rule-comparison/raw/damage-local-18446744073709551615.json
validation,18446744073709551615,local,17,4096,0,525,598,17,0.48253676470588236,experiments/rule-comparison/raw/damage-local-18446744073709551615.json
validation,18446744073709551615,local,256,4096,0,8144,8408,256,0.4970703125,experiments/rule-comparison/raw/damage-local-18446744073709551615.json
