group,seed,rule,word_bits,limbs,states,distinct_images,collision_excess,collision_fraction,maximum_preimages,cycles,cyclic_states,cyclic_fraction,min_cycle,max_cycle,max_transient,file
development,0,xor,4,1,16,16,0,0.0,1,6,16,1.0,1,4,0,experiments/rule-comparison/raw/graph-xor-0.json
development,0,xor,4,2,256,256,0,0.0,1,36,256,1.0,1,8,0,experiments/rule-comparison/raw/graph-xor-0.json
development,0,xor,4,3,4096,4096,0,0.0,1,172,4096,1.0,8,24,0,experiments/rule-comparison/raw/graph-xor-0.json
development,0,xor,8,1,256,256,0,0.0,1,36,256,1.0,1,8,0,experiments/rule-comparison/raw/graph-xor-0.json
development,0,xor,8,2,65536,65536,0,0.0,1,4116,65536,1.0,1,16,0,experiments/rule-comparison/raw/graph-xor-0.json
development,0,add,4,1,16,16,0,0.0,1,6,16,1.0,1,4,0,experiments/rule-comparison/raw/graph-add-0.json
development,0,add,4,2,256,256,0,0.0,1,20,256,1.0,1,125,0,experiments/rule-comparison/raw/graph-add-0.json
development,0,add,4,3,4096,4096,0,0.0,1,6,4096,1.0,1,2985,0,experiments/rule-comparison/raw/graph-add-0.json
development,0,add,8,1,256,256,0,0.0,1,36,256,1.0,1,8,0,experiments/rule-comparison/raw/graph-add-0.json
development,0,add,8,2,65536,65536,0,0.0,1,8,65536,1.0,1,42617,0,experiments/rule-comparison/raw/graph-add-0.json
development,0,local,4,1,16,13,3,0.1875,2,3,7,0.4375,1,4,6,experiments/rule-comparison/raw/graph-local-0.json
development,0,local,4,2,256,194,62,0.2421875,4,7,24,0.09375,1,5,29,experiments/rule-comparison/raw/graph-local-0.json
development,0,local,4,3,4096,2706,1390,0.33935546875,5,5,65,0.015869140625,2,28,88,experiments/rule-comparison/raw/graph-local-0.json
development,0,local,8,1,256,213,43,0.16796875,2,9,57,0.22265625,1,10,24,experiments/rule-comparison/raw/graph-local-0.json
development,0,local,8,2,65536,59333,6203,0.0946502685546875,4,10,1150,0.017547607421875,1,871,732,experiments/rule-comparison/raw/graph-local-0.json
development,1,xor,4,1,16,16,0,0.0,1,6,16,1.0,1,4,0,experiments/rule-comparison/raw/graph-xor-1.json
development,1,xor,4,2,256,256,0,0.0,1,36,256,1.0,1,8,0,experiments/rule-comparison/raw/graph-xor-1.json
development,1,xor,4,3,4096,4096,0,0.0,1,172,4096,1.0,8,24,0,experiments/rule-comparison/raw/graph-xor-1.json
development,1,xor,8,1,256,256,0,0.0,1,16,256,1.0,16,16,0,experiments/rule-comparison/raw/graph-xor-1.json
development,1,xor,8,2,65536,65536,0,0.0,1,4116,65536,1.0,1,16,0,experiments/rule-comparison/raw/graph-xor-1.json
development,1,add,4,1,16,16,0,0.0,1,3,16,1.0,1,10,0,experiments/rule-comparison/raw/graph-add-1.json
development,1,add,4,2,256,256,0,0.0,1,31,256,1.0,1,41,0,experiments/rule-comparison/raw/graph-add-1.json
development,1,add,4,3,4096,4096,0,0.0,1,19,4096,1.0,1,2474,0,experiments/rule-comparison/raw/graph-add-1.json
development,1,add,8,1,256,256,0,0.0,1,13,256,1.0,1,177,0,experiments/rule-comparison/raw/graph-add-1.json
development,1,add,8,2,65536,65536,0,0.0,1,149,65536,1.0,1,45104,0,experiments/rule-comparison/raw/graph-add-1.json
development,1,local,4,1,16,15,1,0.0625,2,2,12,0.75,1,11,4,experiments/rule-comparison/raw/graph-local-1.json
development,1,local,4,2,256,200,56,0.21875,4,5,35,0.13671875,1,16,34,experiments/rule-comparison/raw/graph-local-1.json
development,1,local,4,3,4096,2853,1243,0.303466796875,4,4,30,0.00732421875,1,19,101,experiments/rule-comparison/raw/graph-local-1.json
development,1,local,8,1,256,239,17,0.06640625,2,8,51,0.19921875,1,12,58,experiments/rule-comparison/raw/graph-local-1.json
development,1,local,8,2,65536,59196,6340,0.09674072265625,4,8,952,0.0145263671875,1,342,1135,experiments/rule-comparison/raw/graph-local-1.json
development,42,xor,4,1,16,16,0,0.0,1,2,16,1.0,8,8,0,experiments/rule-comparison/raw/graph-xor-42.json
development,42,xor,4,2,256,256,0,0.0,1,16,256,1.0,16,16,0,experiments/rule-comparison/raw/graph-xor-42.json
development,42,xor,4,3,4096,4096,0,0.0,1,172,4096,1.0,8,24,0,experiments/rule-comparison/raw/graph-xor-42.json
development,42,xor,8,1,256,256,0,0.0,1,36,256,1.0,1,8,0,experiments/rule-comparison/raw/graph-xor-42.json
development,42,xor,8,2,65536,65536,0,0.0,1,4116,65536,1.0,1,16,0,experiments/rule-comparison/raw/graph-xor-42.json
development,42,add,4,1,16,16,0,0.0,1,4,16,1.0,1,9,0,experiments/rule-comparison/raw/graph-add-42.json
development,42,add,4,2,256,256,0,0.0,1,6,256,1.0,1,103,0,experiments/rule-comparison/raw/graph-add-42.json
development,42,add,4,3,4096,4096,0,0.0,1,274,4096,1.0,1,614,0,experiments/rule-comparison/raw/graph-add-42.json
development,42,add,8,1,256,256,0,0.0,1,10,256,1.0,1,192,0,experiments/rule-comparison/raw/graph-add-42.json
development,42,add,8,2,65536,65536,0,0.0,1,26,65536,1.0,1,49566,0,experiments/rule-comparison/raw/graph-add-42.json
development,42,local,4,1,16,15,1,0.0625,2,4,11,0.6875,1,5,5,experiments/rule-comparison/raw/graph-local-42.json
development,42,local,4,2,256,200,56,0.21875,4,4,29,0.11328125,1,14,24,experiments/rule-comparison/raw/graph-local-42.json
development,42,local,4,3,4096,2726,1370,0.33447265625,5,3,126,0.03076171875,1,124,76,experiments/rule-comparison/raw/graph-local-42.json
development,42,local,8,1,256,241,15,0.05859375,2,5,86,0.3359375,1,59,43,experiments/rule-comparison/raw/graph-local-42.json
development,42,local,8,2,65536,59808,5728,0.08740234375,4,8,1185,0.0180816650390625,1,382,948,experiments/rule-comparison/raw/graph-local-42.json
development,12345,xor,4,1,16,16,0,0.0,1,2,16,1.0,8,8,0,experiments/rule-comparison/raw/graph-xor-12345.json
development,12345,xor,4,2,256,256,0,0.0,1,36,256,1.0,1,8,0,experiments/rule-comparison/raw/graph-xor-12345.json
development,12345,xor,4,3,4096,4096,0,0.0,1,172,4096,1.0,8,24,0,experiments/rule-comparison/raw/graph-xor-12345.json
development,12345,xor,8,1,256,256,0,0.0,1,16,256,1.0,16,16,0,experiments/rule-comparison/raw/graph-xor-12345.json
development,12345,xor,8,2,65536,65536,0,0.0,1,4116,65536,1.0,1,16,0,experiments/rule-comparison/raw/graph-xor-12345.json
development,12345,add,4,1,16,16,0,0.0,1,5,16,1.0,1,5,0,experiments/rule-comparison/raw/graph-add-12345.json
development,12345,add,4,2,256,256,0,0.0,1,7,256,1.0,1,128,0,experiments/rule-comparison/raw/graph-add-12345.json
development,12345,add,4,3,4096,4096,0,0.0,1,35,4096,1.0,1,2000,0,experiments/rule-comparison/raw/graph-add-12345.json
development,12345,add,8,1,256,256,0,0.0,1,5,256,1.0,1,116,0,experiments/rule-comparison/raw/graph-add-12345.json
development,12345,add,8,2,65536,65536,0,0.0,1,13,65536,1.0,1,23128,0,experiments/rule-comparison/raw/graph-add-12345.json
development,12345,local,4,1,16,13,3,0.1875,2,3,9,0.5625,1,7,5,experiments/rule-comparison/raw/graph-local-12345.json
development,12345,local,4,2,256,200,56,0.21875,4,4,39,0.15234375,3,22,20,experiments/rule-comparison/raw/graph-local-12345.json
development,12345,local,4,3,4096,2797,1299,0.317138671875,4,4,48,0.01171875,1,38,150,experiments/rule-comparison/raw/graph-local-12345.json
development,12345,local,8,1,256,235,21,0.08203125,2,5,76,0.296875,3,43,38,experiments/rule-comparison/raw/graph-local-12345.json
development,12345,local,8,2,65536,60309,5227,0.0797576904296875,4,7,923,0.0140838623046875,1,476,838,experiments/rule-comparison/raw/graph-local-12345.json
validation,20261009,xor,4,1,16,16,0,0.0,1,6,16,1.0,1,4,0,experiments/rule-comparison/raw/graph-xor-20261009.json
validation,20261009,xor,4,2,256,256,0,0.0,1,36,256,1.0,1,8,0,experiments/rule-comparison/raw/graph-xor-20261009.json
validation,20261009,xor,4,3,4096,4096,0,0.0,1,172,4096,1.0,8,24,0,experiments/rule-comparison/raw/graph-xor-20261009.json
validation,20261009,xor,8,1,256,256,0,0.0,1,36,256,1.0,1,8,0,experiments/rule-comparison/raw/graph-xor-20261009.json
validation,20261009,xor,8,2,65536,65536,0,0.0,1,2048,65536,1.0,32,32,0,experiments/rule-comparison/raw/graph-xor-20261009.json
validation,20261009,add,4,1,16,16,0,0.0,1,2,16,1.0,1,15,0,experiments/rule-comparison/raw/graph-add-20261009.json
validation,20261009,add,4,2,256,256,0,0.0,1,32,256,1.0,1,33,0,experiments/rule-comparison/raw/graph-add-20261009.json
validation,20261009,add,4,3,4096,4096,0,0.0,1,18,4096,1.0,1,3086,0,experiments/rule-comparison/raw/graph-add-20261009.json
validation,20261009,add,8,1,256,256,0,0.0,1,8,256,1.0,1,178,0,experiments/rule-comparison/raw/graph-add-20261009.json
validation,20261009,add,8,2,65536,65536,0,0.0,1,1998,65536,1.0,1,1663,0,experiments/rule-comparison/raw/graph-add-20261009.json
validation,20261009,local,4,1,16,15,1,0.0625,2,1,3,0.1875,3,3,13,experiments/rule-comparison/raw/graph-local-20261009.json
validation,20261009,local,4,2,256,200,56,0.21875,4,4,12,0.046875,2,4,39,experiments/rule-comparison/raw/graph-local-20261009.json
validation,20261009,local,4,3,4096,2675,1421,0.346923828125,5,8,84,0.0205078125,1,43,98,experiments/rule-comparison/raw/graph-local-20261009.json
validation,20261009,local,8,1,256,241,15,0.05859375,2,4,80,0.3125,6,43,50,experiments/rule-comparison/raw/graph-local-20261009.json
validation,20261009,local,8,2,65536,59464,6072,0.0926513671875,4,9,722,0.011016845703125,1,599,1030,experiments/rule-comparison/raw/graph-local-20261009.json
validation,314159265,xor,4,1,16,16,0,0.0,1,2,16,1.0,8,8,0,experiments/rule-comparison/raw/graph-xor-314159265.json
validation,314159265,xor,4,2,256,256,0,0.0,1,16,256,1.0,16,16,0,experiments/rule-comparison/raw/graph-xor-314159265.json
validation,314159265,xor,4,3,4096,4096,0,0.0,1,172,4096,1.0,8,24,0,experiments/rule-comparison/raw/graph-xor-314159265.json
validation,314159265,xor,8,1,256,256,0,0.0,1,36,256,1.0,1,8,0,experiments/rule-comparison/raw/graph-xor-314159265.json
validation,314159265,xor,8,2,65536,65536,0,0.0,1,4116,65536,1.0,1,16,0,experiments/rule-comparison/raw/graph-xor-314159265.json
validation,314159265,add,4,1,16,16,0,0.0,1,3,16,1.0,1,10,0,experiments/rule-comparison/raw/graph-add-314159265.json
validation,314159265,add,4,2,256,256,0,0.0,1,31,256,1.0,1,41,0,experiments/rule-comparison/raw/graph-add-314159265.json
validation,314159265,add,4,3,4096,4096,0,0.0,1,17,4096,1.0,1,3598,0,experiments/rule-comparison/raw/graph-add-314159265.json
validation,314159265,add,8,1,256,256,0,0.0,1,5,256,1.0,1,152,0,experiments/rule-comparison/raw/graph-add-314159265.json
validation,314159265,add,8,2,65536,65536,0,0.0,1,1217,65536,1.0,1,28582,0,experiments/rule-comparison/raw/graph-add-314159265.json
validation,314159265,local,4,1,16,13,3,0.1875,2,3,8,0.5,1,6,5,experiments/rule-comparison/raw/graph-local-314159265.json
validation,314159265,local,4,2,256,200,56,0.21875,4,3,16,0.0625,3,8,30,experiments/rule-comparison/raw/graph-local-314159265.json
validation,314159265,local,4,3,4096,2725,1371,0.334716796875,5,4,101,0.024658203125,5,72,111,experiments/rule-comparison/raw/graph-local-314159265.json
validation,314159265,local,8,1,256,249,7,0.02734375,2,2,11,0.04296875,4,7,153,experiments/rule-comparison/raw/graph-local-314159265.json
validation,314159265,local,8,2,65536,59977,5559,0.0848236083984375,4,7,524,0.00799560546875,1,355,973,experiments/rule-comparison/raw/graph-local-314159265.json
validation,2718281828,xor,4,1,16,16,0,0.0,1,2,16,1.0,8,8,0,experiments/rule-comparison/raw/graph-xor-2718281828.json
validation,2718281828,xor,4,2,256,256,0,0.0,1,36,256,1.0,1,8,0,experiments/rule-comparison/raw/graph-xor-2718281828.json
validation,2718281828,xor,4,3,4096,4096,0,0.0,1,352,4096,1.0,1,12,0,experiments/rule-comparison/raw/graph-xor-2718281828.json
validation,2718281828,xor,8,1,256,256,0,0.0,1,16,256,1.0,16,16,0,experiments/rule-comparison/raw/graph-xor-2718281828.json
validation,2718281828,xor,8,2,65536,65536,0,0.0,1,4116,65536,1.0,1,16,0,experiments/rule-comparison/raw/graph-xor-2718281828.json
validation,2718281828,add,4,1,16,16,0,0.0,1,3,16,1.0,1,10,0,experiments/rule-comparison/raw/graph-add-2718281828.json
validation,2718281828,add,4,2,256,256,0,0.0,1,11,256,1.0,1,139,0,experiments/rule-comparison/raw/graph-add-2718281828.json
validation,2718281828,add,4,3,4096,4096,0,0.0,1,9,4096,1.0,1,3594,0,experiments/rule-comparison/raw/graph-add-2718281828.json
validation,2718281828,add,8,1,256,256,0,0.0,1,5,256,1.0,1,240,0,experiments/rule-comparison/raw/graph-add-2718281828.json
validation,2718281828,add,8,2,65536,65536,0,0.0,1,3427,65536,1.0,1,11001,0,experiments/rule-comparison/raw/graph-add-2718281828.json
validation,2718281828,local,4,1,16,13,3,0.1875,2,3,8,0.5,1,6,5,experiments/rule-comparison/raw/graph-local-2718281828.json
validation,2718281828,local,4,2,256,200,56,0.21875,4,5,32,0.125,1,15,36,experiments/rule-comparison/raw/graph-local-2718281828.json
validation,2718281828,local,4,3,4096,2812,1284,0.3134765625,4,7,152,0.037109375,1,85,65,experiments/rule-comparison/raw/graph-local-2718281828.json
validation,2718281828,local,8,1,256,245,11,0.04296875,2,3,76,0.296875,1,64,65,experiments/rule-comparison/raw/graph-local-2718281828.json
validation,2718281828,local,8,2,65536,59388,6148,0.09381103515625,4,9,814,0.012420654296875,1,412,834,experiments/rule-comparison/raw/graph-local-2718281828.json
validation,18446744073709551615,xor,4,1,16,16,0,0.0,1,2,16,1.0,8,8,0,experiments/rule-comparison/raw/graph-xor-18446744073709551615.json
validation,18446744073709551615,xor,4,2,256,256,0,0.0,1,36,256,1.0,1,8,0,experiments/rule-comparison/raw/graph-xor-18446744073709551615.json
validation,18446744073709551615,xor,4,3,4096,4096,0,0.0,1,352,4096,1.0,1,12,0,experiments/rule-comparison/raw/graph-xor-18446744073709551615.json
validation,18446744073709551615,xor,8,1,256,256,0,0.0,1,36,256,1.0,1,8,0,experiments/rule-comparison/raw/graph-xor-18446744073709551615.json
validation,18446744073709551615,xor,8,2,65536,65536,0,0.0,1,2048,65536,1.0,32,32,0,experiments/rule-comparison/raw/graph-xor-18446744073709551615.json
validation,18446744073709551615,add,4,1,16,16,0,0.0,1,3,16,1.0,1,10,0,experiments/rule-comparison/raw/graph-add-18446744073709551615.json
validation,18446744073709551615,add,4,2,256,256,0,0.0,1,5,256,1.0,1,152,0,experiments/rule-comparison/raw/graph-add-18446744073709551615.json
validation,18446744073709551615,add,4,3,4096,4096,0,0.0,1,191,4096,1.0,1,1411,0,experiments/rule-comparison/raw/graph-add-18446744073709551615.json
validation,18446744073709551615,add,8,1,256,256,0,0.0,1,13,256,1.0,1,79,0,experiments/rule-comparison/raw/graph-add-18446744073709551615.json
validation,18446744073709551615,add,8,2,65536,65536,0,0.0,1,17,65536,1.0,1,57872,0,experiments/rule-comparison/raw/graph-add-18446744073709551615.json
validation,18446744073709551615,local,4,1,16,13,3,0.1875,2,3,8,0.5,1,6,5,experiments/rule-comparison/raw/graph-local-18446744073709551615.json
validation,18446744073709551615,local,4,2,256,201,55,0.21484375,4,5,32,0.125,1,15,22,experiments/rule-comparison/raw/graph-local-18446744073709551615.json
validation,18446744073709551615,local,4,3,4096,2731,1365,0.333251953125,5,6,65,0.015869140625,2,32,133,experiments/rule-comparison/raw/graph-local-18446744073709551615.json
validation,18446744073709551615,local,8,1,256,235,21,0.08203125,2,2,75,0.29296875,12,63,23,experiments/rule-comparison/raw/graph-local-18446744073709551615.json
validation,18446744073709551615,local,8,2,65536,59327,6209,0.0947418212890625,4,7,673,0.0102691650390625,1,246,696,experiments/rule-comparison/raw/graph-local-18446744073709551615.json
