group,seed,rule,bytes,layout,ones_fraction,atom_bias_min,atom_bias_max,atom_bias_sd,block_entropy,conditional_entropy,max_abs_correlation,cross_correlation,prediction_accuracy,survival_max_deviation,restricted_mean_trials,first_event_censored,events,completed_gaps,tail_censored,run_length_one_fraction,file
development,0,xor,32768,spaced,0.5000617504119873,0.4876708984375,0.5113525390625,0.00450411469679273,7.996698253004035,0.9999974757894335,0.004547119140625,-6.198883056640625e-05,0.4987281976744186,0.02019745044697721,260.15625,24,4244,3244,1018,0.4996201856227773,experiments/rule-comparison/raw/stats-xor-0-32768.json
development,0,xor,32768,adjacent,0.4999725818634033,0.489501953125,0.5111083984375,0.003879091636561674,7.9899325908354895,0.9999939772994452,0.005618339881971579,-0.001312255859375,1.0,0.061046139125740195,279.189453125,13,3973,2962,1022,0.5008674482192136,experiments/rule-comparison/raw/stats-xor-0-32768.json
development,0,xor,1000000,spaced,0.5003695487976074,0.480712890625,0.516357421875,0.0054617555303221365,7.999798809003282,0.9999995159410435,0.0009209408445073342,-0.000762939453125,0.5006584917558755,0.025792365387958927,247.73046875,13,4131,3120,1021,0.49999141067700564,experiments/rule-comparison/raw/stats-xor-0-1000000.json
development,0,xor,1000000,adjacent,0.49994850158691406,0.49072265625,0.508544921875,0.0035493809546109085,7.989262007235773,0.9999891620452596,0.005836203140288543,-0.0011501312255859375,1.0,0.07462906024157123,283.5546875,13,4026,3015,1022,0.500393509523122,experiments/rule-comparison/raw/stats-xor-0-1000000.json
development,0,add,32768,spaced,0.49974608421325684,0.482421875,0.51708984375,0.005306216398556704,7.999302803524537,0.9999994322357709,0.0013863699776786031,0.00010585784912109375,0.49961740187030884,0.02949856319505051,256.7216796875,29,4066,3071,1021,0.5004269738813057,experiments/rule-comparison/raw/stats-add-0-32768.json
development,0,add,32768,adjacent,0.5002493858337402,0.482421875,0.51708984375,0.005020039139897498,7.9970050532930275,0.9999976926801272,0.003169532395527863,-0.00030612945556640625,0.650671084809893,0.03593464846094707,260.8955078125,14,4061,3051,1022,0.5017567936616856,experiments/rule-comparison/raw/stats-add-0-32768.json
development,0,add,1000000,spaced,0.49993324279785156,0.4810791015625,0.5166015625,0.005636599419755207,7.999784303031314,0.9999999101596335,0.000550991881127505,0.0005884170532226562,0.5000120162729175,0.023872179292570572,253.931640625,21,4092,3089,1022,0.4998090139225391,experiments/rule-comparison/raw/stats-add-0-1000000.json
development,0,add,1000000,adjacent,0.5002920627593994,0.48046875,0.5194091796875,0.005257346313487739,7.99717977462285,0.999996850796222,0.002906538291177929,-0.0005464553833007812,0.650594661314138,0.03788777346094707,261.470703125,15,3934,2925,1022,0.5016967807462217,experiments/rule-comparison/raw/stats-add-0-1000000.json
development,0,local,32768,spaced,0.4998595714569092,0.4801025390625,0.5167236328125,0.005555081752993608,7.99982785078165,0.9999999104167965,0.0007801447748800872,-0.00025081634521484375,0.4998824808508675,0.013279660465645937,248.6826171875,15,4040,3031,1023,0.5001411661468319,experiments/rule-comparison/raw/stats-local-0-32768.json
development,0,local,32768,adjacent,0.4997652769088745,0.4788818359375,0.5177001953125,0.00565734750340547,7.9998265320655655,0.9999998289861177,0.0006243655407900395,-3.8623809814453125e-05,0.500213649332472,0.03513960042063144,237.4521484375,17,4053,3046,1024,0.5001590694129313,experiments/rule-comparison/raw/stats-local-0-32768.json
development,0,local,1000000,spaced,0.4996802806854248,0.483642578125,0.5194091796875,0.005457551131858051,7.999832545622781,0.9999996990088676,0.0008629692925347099,1.33514404296875e-05,0.5001213643564661,0.02300428574976271,249.451171875,14,4090,3080,1023,0.49988683517453736,experiments/rule-comparison/raw/stats-local-0-1000000.json
development,0,local,1000000,adjacent,0.499967098236084,0.4798583984375,0.5211181640625,0.005586981144313866,7.999806948490471,0.9999999313303121,0.000906565832713202,-0.0002422332763671875,0.4998389819429064,0.026710826427251505,259.9970703125,26,4068,3070,1020,0.5000284929291041,experiments/rule-comparison/raw/stats-local-0-1000000.json
development,1,xor,32768,spaced,0.49979138374328613,0.4857177734375,0.5135498046875,0.004660506220234831,7.9975635646321885,0.9999993281744142,0.002588869710296482,-0.0004596710205078125,0.4984249069459825,0.017416272411039713,245.38671875,4,4253,3233,1017,0.5005023717340764,experiments/rule-comparison/raw/stats-xor-1-32768.json
development,1,xor,32768,adjacent,0.5001165866851807,0.487060546875,0.5125732421875,0.004696892243136878,7.989302388349124,0.9999999527786815,0.006723555307539653,5.91278076171875e-05,1.0,0.04060251267641107,247.61328125,10,4541,3527,1016,0.4998398612623797,experiments/rule-comparison/raw/stats-xor-1-32768.json
development,1,xor,1000000,spaced,0.49979710578918457,0.4801025390625,0.5157470703125,0.0054003345289558614,7.999838291170689,0.9999998839570482,0.0007242838541666741,-3.814697265625e-06,0.4999562607665805,0.013669264557718885,248.369140625,14,4134,3124,1013,0.5000558105988621,experiments/rule-comparison/raw/stats-xor-1-1000000.json
development,1,xor,1000000,adjacent,0.5001024007797241,0.489990234375,0.5101318359375,0.004520958744314742,7.989840234426288,0.999999361468091,0.007143293108258897,7.390975952148438e-05,1.0,0.03594367733480347,256.845703125,10,4415,3401,1017,0.500969589350673,experiments/rule-comparison/raw/stats-xor-1-1000000.json
development,1,add,32768,spaced,0.4996892213821411,0.481689453125,0.5157470703125,0.005513735555252899,7.999242007578838,0.9999992004903717,0.004243538562530569,0.0003037452697753906,0.5005921619293713,0.014273417524930429,255.748046875,23,3932,2931,1020,0.5002940881596096,experiments/rule-comparison/raw/stats-add-1-32768.json
development,1,add,32768,adjacent,0.4999849796295166,0.48486328125,0.5147705078125,0.004953982534868142,7.997694728967875,0.9999998864500321,0.003737128648632071,0.00038242340087890625,0.6634085744278332,0.027178674473254248,265.017578125,39,3918,2933,1020,0.5016753186252422,experiments/rule-comparison/raw/stats-add-1-32768.json
development,1,add,1000000,spaced,0.5001436471939087,0.4833984375,0.5166015625,0.005423097224562465,7.999835637489912,0.9999999203352149,0.00046775720918867947,0.0007605552673339844,0.5000939672542144,0.013978965855839132,256.80078125,25,3986,2987,1017,0.49988919642480156,experiments/rule-comparison/raw/stats-add-1-1000000.json
development,1,add,1000000,adjacent,0.49998271465301514,0.48486328125,0.5147705078125,0.004954987970016018,7.997524479934301,0.9999999877018972,0.0045355743676686044,0.0003895759582519531,0.6635825700596776,0.017957490434453938,251.3671875,34,4035,3045,1019,0.5012566062471555,experiments/rule-comparison/raw/stats-add-1-1000000.json
development,1,local,32768,spaced,0.49979424476623535,0.4830322265625,0.517333984375,0.005556473806067997,7.999831905802017,0.9999998655448333,0.0005198759191176183,0.0009870529174804688,0.5003403008490218,0.025524076749237706,259.8486328125,20,3968,2964,1023,0.49996767883206805,experiments/rule-comparison/raw/stats-local-1-32768.json
development,1,local,32768,adjacent,0.50003981590271,0.483154296875,0.517333984375,0.00551148853875542,7.99982833822748,0.9999997846503372,0.0005410378006347472,0.00035762786865234375,0.49993823635720436,0.035099285272376046,263.44921875,22,4092,3090,1022,0.4995698602958741,experiments/rule-comparison/raw/stats-local-1-32768.json
development,1,local,1000000,spaced,0.49963855743408203,0.4835205078125,0.516357421875,0.005206442101069782,7.999814292110262,0.9999995755605455,0.0007959653253424293,0.0,0.49971857888827365,0.03215295687740649,239.353515625,14,4147,3137,1019,0.49981129086590537,experiments/rule-comparison/raw/stats-local-1-1000000.json
development,1,local,1000000,adjacent,0.4997621774673462,0.484130859375,0.51708984375,0.005420570840723345,7.9997914461375315,0.9999998344465084,0.0005425213740927193,0.0003352165222167969,0.500125449889258,0.04064459291568445,254.9990234375,19,4113,3108,1014,0.49983519154272643,experiments/rule-comparison/raw/stats-local-1-1000000.json
development,42,xor,32768,spaced,0.4999871253967285,0.482666015625,0.517822265625,0.006327543928142502,7.996047340327226,0.9999996385128749,0.003010292658730207,-0.0003719329833984375,0.5005255917774086,0.08252851334359934,301.16796875,41,3483,2500,1022,0.498200869635367,experiments/rule-comparison/raw/stats-xor-42-32768.json
development,42,xor,32768,adjacent,0.4998304843902588,0.4857177734375,0.5147705078125,0.006457415631905472,7.987312061806488,0.9999957203761458,0.0038288747231791653,0.0012216567993164062,1.0,0.03776165295300962,233.6962890625,12,3983,2971,1019,0.5014593547051609,experiments/rule-comparison/raw/stats-xor-42-32768.json
development,42,xor,1000000,spaced,0.5001946687698364,0.4783935546875,0.5205078125,0.005727068840881819,7.999767479022316,0.9999997010645078,0.0006275792275705072,-0.0004181861877441406,0.5004621458564046,0.019511975931853692,257.5966796875,18,3977,2971,1021,0.5003282543305971,experiments/rule-comparison/raw/stats-xor-42-1000000.json
development,42,xor,1000000,adjacent,0.4997357130050659,0.4857177734375,0.5147705078125,0.006562735654936706,7.987847570546721,0.9999997901510287,0.005811906524792354,0.0011591911315917969,1.0,0.05338665295300962,221.56640625,6,4307,3289,1019,0.5014778407356533,experiments/rule-comparison/raw/stats-xor-42-1000000.json
development,42,add,32768,spaced,0.5000978708267212,0.480224609375,0.52197265625,0.005842040598071808,7.999074471257482,0.9999996228127174,0.002846936050061033,0.0002522468566894531,0.5000192260366679,0.05570280976052634,276.64453125,37,4201,3214,1021,0.4989850306016193,experiments/rule-comparison/raw/stats-add-42-32768.json
development,42,add,32768,adjacent,0.5000003576278687,0.485107421875,0.512939453125,0.005018746139643976,7.997875048237459,0.999999257779868,0.0037621591605392357,0.0008139610290527344,0.6741580918543127,0.017150196957534405,256.28515625,19,4094,3089,1021,0.4980902534884687,experiments/rule-comparison/raw/stats-add-42-32768.json
development,42,add,1000000,spaced,0.5001814365386963,0.4833984375,0.5201416015625,0.00555549468196511,7.999831124823752,0.99999905995737,0.0010825524966426858,0.000308990478515625,0.4998589289559493,0.033385511745698426,261.6201171875,21,4049,3046,1019,0.4997247045767327,experiments/rule-comparison/raw/stats-add-42-1000000.json
development,42,add,1000000,adjacent,0.5000553131103516,0.485107421875,0.512939453125,0.00479892743935628,7.99781912957755,0.9999995336576512,0.004627900965073484,0.00045013427734375,0.6740566745108896,0.017616872260526342,256.1494140625,19,4062,3057,1021,0.4979548530468345,experiments/rule-comparison/raw/stats-add-42-1000000.json
development,42,local,32768,spaced,0.49989116191864014,0.48193359375,0.5185546875,0.005535417861208585,7.99984334185959,0.9999999364272653,0.0005314691228933688,-0.0008873939514160156,0.49952367494155286,0.021709074383174265,255.1318359375,22,4000,2998,1022,0.49998819627379015,experiments/rule-comparison/raw/stats-local-42-32768.json
development,42,local,32768,adjacent,0.5000903606414795,0.4794921875,0.516357421875,0.005435687608280054,7.999831047162833,0.9999999731912416,0.001020442231379759,0.000728607177734375,0.5000502280207949,0.015232785465645937,250.16015625,24,4106,3106,1018,0.4995819230490378,experiments/rule-comparison/raw/stats-local-42-32768.json
development,42,local,1000000,spaced,0.5000506639480591,0.482666015625,0.5181884765625,0.005606707269740984,7.999847411584244,0.9999999918118253,0.0006260016025640969,0.0009131431579589844,0.5002746919988926,0.020225462506315295,252.177734375,25,4171,3172,1019,0.5003545509772274,experiments/rule-comparison/raw/stats-local-42-1000000.json
development,42,local,1000000,adjacent,0.4999176263809204,0.48291015625,0.515625,0.005334480629449074,7.9998084468245185,0.999999930385739,0.0004361740689866611,0.00016546249389648438,0.49973179678848284,0.02614506406937528,253.3427734375,17,4163,3156,1020,0.5004116711942947,experiments/rule-comparison/raw/stats-local-42-1000000.json
development,12345,xor,32768,spaced,0.5001075267791748,0.48486328125,0.5169677734375,0.00534959031561229,7.996889927744158,0.9999950472691336,0.0032470703125000444,0.0004787445068359375,0.49886205895471886,0.014447497622785521,251.728515625,22,4051,3049,1021,0.5011141319797389,experiments/rule-comparison/raw/stats-xor-12345-32768.json
development,12345,xor,32768,adjacent,0.49999380111694336,0.484375,0.515625,0.0054566941785946675,7.988926862273294,0.9999972602373267,0.00505043950719819,-0.000499725341796875,1.0,0.05933593351120564,277.857421875,4,3866,2846,1019,0.49929706459048007,experiments/rule-comparison/raw/stats-xor-12345-32768.json
development,12345,xor,1000000,spaced,0.4998490810394287,0.482177734375,0.5174560546875,0.0054395342046208595,7.999825521850188,0.9999999152776177,0.00044415226551053344,-0.00064849853515625,0.49979692498769535,0.024024515636361765,249.1875,20,4084,3080,1017,0.500280196609788,experiments/rule-comparison/raw/stats-xor-12345-1000000.json
development,12345,xor,1000000,adjacent,0.4999591112136841,0.4866943359375,0.5126953125,0.004956001531969019,7.988725492123905,0.9999932249305555,0.0045503222283744815,-0.0005421638488769531,1.0,0.0650035047512674,282.6181640625,4,3801,2781,1019,0.4978257957090088,experiments/rule-comparison/raw/stats-xor-12345-1000000.json
development,12345,add,32768,spaced,0.5001697540283203,0.4849853515625,0.517333984375,0.0055870256491304246,7.999025775992237,0.9999999045364784,0.0023712650422127446,-0.0004119873046875,0.4994212962962963,0.023182114860068492,259.8271484375,20,3968,2964,1020,0.4997275451279465,experiments/rule-comparison/raw/stats-add-12345-32768.json
development,12345,add,32768,adjacent,0.5002784729003906,0.4805908203125,0.5177001953125,0.00647567211007035,7.997681371414964,0.9999997505691669,0.003411518850905182,0.0005655288696289062,0.6647760262858373,0.028057505101060184,258.6689453125,30,4018,3024,1019,0.49926279872270907,experiments/rule-comparison/raw/stats-add-12345-32768.json
development,12345,add,1000000,spaced,0.5003349781036377,0.4830322265625,0.5159912109375,0.005359627540681735,7.999825943351787,0.9999996713458531,0.00073188530219781,-8.58306884765625e-06,0.5003001664974775,0.028295400317147168,253.2255859375,22,4126,3124,1018,0.4997037801657686,experiments/rule-comparison/raw/stats-add-12345-1000000.json
development,12345,add,1000000,adjacent,0.5002433061599731,0.4805908203125,0.5177001953125,0.006055456419647667,7.9977417920797365,0.9999993946681189,0.003868506146037287,0.0002741813659667969,0.6651038302110249,0.03529806104422789,245.28515625,17,4112,3105,1019,0.498768949407222,experiments/rule-comparison/raw/stats-add-12345-1000000.json
development,12345,local,32768,spaced,0.49992871284484863,0.484375,0.5228271484375,0.0054387762844984614,7.999832900765261,0.9999999833815971,0.0006753886548160892,1.811981201171875e-05,0.5003076165866863,0.02405964399972349,249.33203125,18,4069,3063,1017,0.4998137194103897,experiments/rule-comparison/raw/stats-local-12345-32768.json
development,12345,local,32768,adjacent,0.49993884563446045,0.48046875,0.5157470703125,0.0053479761483966265,7.999820686918912,0.9999999883303947,0.0007441158052297059,0.0002541542053222656,0.4995659722222222,0.02545358793842467,247.287109375,11,4186,3173,1023,0.4999581408228584,experiments/rule-comparison/raw/stats-local-12345-32768.json
development,12345,local,1000000,spaced,0.5002844333648682,0.481201171875,0.5179443359375,0.0054835133078433105,7.999836024473236,0.9999997289391744,0.0006450530021421264,-0.00023746490478515625,0.4998733484834502,0.02928093952261085,237.474609375,12,4132,3120,1015,0.5002188765324042,experiments/rule-comparison/raw/stats-local-12345-1000000.json
development,12345,local,1000000,adjacent,0.499753475189209,0.484130859375,0.5185546875,0.005509747341131245,7.99983763239214,0.9999994045468039,0.0007630325967524776,0.000244140625,0.49988344215270086,0.033216201513695476,238.7041015625,14,4134,3124,1021,0.49980714002016435,experiments/rule-comparison/raw/stats-local-12345-1000000.json
validation,20261009,xor,32768,spaced,0.4999237060546875,0.484619140625,0.5150146484375,0.0052371899049950535,7.997175012984503,0.9999987057257846,0.003455051892551908,-0.0008544921875,0.5014044619785899,0.03294377945123905,230.734375,10,4389,3375,1022,0.49766800368266506,experiments/rule-comparison/raw/stats-xor-20261009-32768.json
validation,20261009,xor,32768,adjacent,0.499971866607666,0.4891357421875,0.5106201171875,0.0036301449024375796,7.989185407124005,0.9999981465308391,0.009919673618801417,-0.0001373291015625,1.0,0.09677816076660695,217.1708984375,12,5277,4265,1022,0.49859101804363676,experiments/rule-comparison/raw/stats-xor-20261009-32768.json
validation,20261009,xor,1000000,spaced,0.5000602006912231,0.4791259765625,0.5208740234375,0.005689933472399037,7.99982632566994,0.9999998911388372,0.0009133731617646523,3.0994415283203125e-05,0.5002828630644764,0.027794432438737082,246.8662109375,16,4125,3117,1017,0.5001454230857418,experiments/rule-comparison/raw/stats-xor-20261009-1000000.json
validation,20261009,xor,1000000,adjacent,0.49995648860931396,0.4874267578125,0.5123291015625,0.004646955891282235,7.9896782704199385,0.9999998256071757,0.010152509135584742,-0.00015687942504882812,1.0,0.09287191076660695,219.6513671875,12,5227,4215,1021,0.49794388094200526,experiments/rule-comparison/raw/stats-xor-20261009-1000000.json
validation,20261009,add,32768,spaced,0.5001511573791504,0.4837646484375,0.5150146484375,0.0053861833506482805,7.99934359687028,0.9999993258032466,0.002804750565680081,-0.0006313323974609375,0.4998534014704073,0.028862195707429428,250.392578125,9,3890,2875,1021,0.5004583458136359,experiments/rule-comparison/raw/stats-add-20261009-32768.json
validation,20261009,add,32768,adjacent,0.5000412464141846,0.4857177734375,0.5137939453125,0.005074673431804252,7.997459937297859,0.9999974024641379,0.004291684608759949,-0.00042724609375,0.66661379506583,0.03609904950346031,271.8564453125,24,3954,2954,1022,0.501236812079075,experiments/rule-comparison/raw/stats-add-20261009-32768.json
validation,20261009,add,1000000,spaced,0.5000141859054565,0.479736328125,0.5159912109375,0.00545974420731544,7.999835281792871,0.9999998681539317,0.0010939614864033942,0.00018930435180664062,0.5002319140673065,0.02843116610202523,249.333984375,15,4147,3138,1021,0.49968539570348597,experiments/rule-comparison/raw/stats-add-20261009-1000000.json
validation,20261009,add,1000000,adjacent,0.5000170469284058,0.4857177734375,0.5137939453125,0.0049205215595030756,7.997383649448287,0.9999961338828379,0.0038490595780020787,-0.00023603439331054688,0.6665289601790328,0.019275864860068492,252.001953125,8,3957,2941,1020,0.5013082763589846,experiments/rule-comparison/raw/stats-add-20261009-1000000.json
validation,20261009,local,32768,spaced,0.49999499320983887,0.4771728515625,0.518310546875,0.005640986377531929,7.999834009182237,0.9999998468849638,0.0007338551859099596,-0.0006475448608398438,0.5003773109696075,0.02070156695470815,252.49609375,21,4083,3080,1019,0.5002953727322573,experiments/rule-comparison/raw/stats-local-20261009-32768.json
validation,20261009,local,32768,adjacent,0.5000536441802979,0.4852294921875,0.5198974609375,0.005546780979299494,7.999850422352139,0.9999999204111418,0.000701904296875,-0.00045013427734375,0.4996373488833518,0.02601004272443974,257.9609375,29,4077,3082,1022,0.500205884996718,experiments/rule-comparison/raw/stats-local-20261009-32768.json
validation,20261009,local,1000000,spaced,0.4997706413269043,0.479248046875,0.5167236328125,0.005621364614977827,7.9998325311586935,0.9999998123295286,0.0006691659035409359,-0.0006237030029296875,0.49979211847852834,0.025244320667610926,262.0830078125,21,4071,3068,1024,0.5005100505472253,experiments/rule-comparison/raw/stats-local-20261009-1000000.json
validation,20261009,local,1000000,adjacent,0.4999140501022339,0.48388671875,0.5164794921875,0.005634443252495162,7.999831138789009,0.9999998614618167,0.0005969074328449064,-0.00020265579223632812,0.5001268918420081,0.02215824483130746,255.1220703125,21,3975,2972,1021,0.499964834525582,experiments/rule-comparison/raw/stats-local-20261009-1000000.json
validation,314159265,xor,32768,spaced,0.49973297119140625,0.4840087890625,0.5159912109375,0.005431064589977928,7.997249111554937,0.999999325999486,0.0033838582376648496,-0.00010204315185546875,0.5009492855604775,0.023729762899121654,252.9287109375,19,4348,3343,1020,0.5010231846260453,experiments/rule-comparison/raw/stats-xor-314159265-32768.json
validation,314159265,xor,32768,adjacent,0.5001277923583984,0.4840087890625,0.51611328125,0.006301205948437191,7.987675739922174,0.999983066042176,0.005700539416215511,7.43865966796875e-05,1.0,0.023491315555598247,244.9560546875,0,3874,2850,1020,0.49502873233333583,experiments/rule-comparison/raw/stats-xor-314159265-32768.json
validation,314159265,xor,1000000,spaced,0.5000592470169067,0.4814453125,0.518798828125,0.005577138498933131,7.999848770505592,0.9999999676456555,0.0004634737513840026,0.0007443428039550781,0.49980245247323735,0.025135478153757218,260.1806640625,20,4088,3084,1021,0.5001871398095397,experiments/rule-comparison/raw/stats-xor-314159265-1000000.json
validation,314159265,xor,1000000,adjacent,0.5001058578491211,0.4840087890625,0.51611328125,0.006135411528622205,7.986567064783701,0.9999912007223999,0.005557701846764296,0.000202178955078125,1.0,0.027397565555598247,249.6513671875,0,3865,2841,1020,0.49552217872607673,experiments/rule-comparison/raw/stats-xor-314159265-1000000.json
validation,314159265,add,32768,spaced,0.499988317489624,0.4853515625,0.5228271484375,0.005572603740245418,7.999114994492244,0.9999947153417006,0.0027066196892930883,0.000347137451171875,0.5004513312107789,0.03223770062268827,241.71875,19,4321,3316,1021,0.4981799232174165,experiments/rule-comparison/raw/stats-add-314159265-32768.json
validation,314159265,add,32768,adjacent,0.4999736547470093,0.4820556640625,0.515380859375,0.004809596091215743,7.997509492067882,0.9999867804162202,0.004280612867781697,0.0008139610290527344,0.6705284564568722,0.051475462506315295,225.7626953125,8,4521,3505,1020,0.4978372699539333,experiments/rule-comparison/raw/stats-add-314159265-32768.json
validation,314159265,add,1000000,spaced,0.49963581562042236,0.48193359375,0.517578125,0.005501968181738239,7.999834749562654,0.999999608150055,0.0005539501814937342,-0.0010409355163574219,0.5000845945613388,0.0375215667615344,260.62109375,18,4052,3046,1020,0.5000966995524635,experiments/rule-comparison/raw/stats-add-314159265-1000000.json
validation,314159265,add,1000000,adjacent,0.5000489950180054,0.487548828125,0.51123046875,0.004414819588553759,7.9972552236667935,0.9999906733988883,0.003594360426077303,0.0010657310485839844,0.6703772917435709,0.051475462506315295,225.86328125,8,4469,3453,1020,0.4980201996603868,experiments/rule-comparison/raw/stats-add-314159265-1000000.json
validation,314159265,local,32768,spaced,0.500163197517395,0.484130859375,0.5167236328125,0.005563120529165284,7.999808917223154,0.999999840435238,0.0005374194705667357,-5.9604644775390625e-05,0.499848354635782,0.03425173624269107,264.5302734375,31,4065,3072,1018,0.5002379497978381,experiments/rule-comparison/raw/stats-local-314159265-32768.json
validation,314159265,local,32768,adjacent,0.5002048015594482,0.4788818359375,0.51806640625,0.005440384139577341,7.999851450911818,0.9999998012239403,0.0009538239123774161,0.00020313262939453125,0.49996587378491447,0.024581678767242265,256.4541015625,20,4123,3119,1018,0.4997385123164039,experiments/rule-comparison/raw/stats-local-314159265-32768.json
validation,314159265,local,1000000,spaced,0.5002721548080444,0.4833984375,0.516845703125,0.005483909934281996,7.999838529127581,0.9999997456168297,0.0008477105034722099,0.00014448165893554688,0.5000074500892088,0.03444935925788506,239.4814453125,10,4118,3104,1020,0.5000224146276907,experiments/rule-comparison/raw/stats-local-314159265-1000000.json
validation,314159265,local,1000000,adjacent,0.5002357959747314,0.4833984375,0.52294921875,0.005505790417869346,7.999818154210724,0.9999998264212622,0.0007689945281497135,0.00036716461181640625,0.4997834667620278,0.0194903772255548,253.53515625,22,4125,3123,1020,0.5003066797033363,experiments/rule-comparison/raw/stats-local-314159265-1000000.json
validation,2718281828,xor,32768,spaced,0.49985837936401367,0.4871826171875,0.5126953125,0.004805618602238207,7.997191487516221,0.9999991122047696,0.002973403482754433,-0.00067138671875,0.49978779262027806,0.03396018932916274,238.2802734375,0,4086,3062,1022,0.4997946285110901,experiments/rule-comparison/raw/stats-xor-2718281828-32768.json
validation,2718281828,xor,32768,adjacent,0.49979960918426514,0.487060546875,0.5126953125,0.004703907465101726,7.987918919834592,0.999980724067121,0.007554166539448071,3.0994415283203125e-05,1.0,0.03857948837528091,244.2314453125,0,3785,2761,1020,0.5026435667198654,experiments/rule-comparison/raw/stats-xor-2718281828-32768.json
validation,2718281828,xor,1000000,spaced,0.4996737241744995,0.4835205078125,0.5157470703125,0.005395755752455134,7.999813469060928,0.9999996938228771,0.0007718379250244434,-0.00014734268188476562,0.5001643826135105,0.01987236638451159,253.9619140625,18,4132,3126,1024,0.49977496756885553,experiments/rule-comparison/raw/stats-xor-2718281828-1000000.json
validation,2718281828,xor,1000000,adjacent,0.4999486207962036,0.487060546875,0.5126953125,0.004909144710462771,7.988090181364789,0.9999769399163188,0.008689142042590747,-0.00018453598022460938,1.0,0.03857948837528091,244.705078125,0,3696,2672,1020,0.5032339802242441,experiments/rule-comparison/raw/stats-xor-2718281828-1000000.json
validation,2718281828,add,32768,spaced,0.5002130270004272,0.4808349609375,0.5147705078125,0.00546204787338697,7.999219118859125,0.9999987899667113,0.0016755134828628782,-0.00021791458129882812,0.49951334094684385,0.04125005728350939,235.5576171875,16,4281,3273,1018,0.5002834528037948,experiments/rule-comparison/raw/stats-add-2718281828-32768.json
validation,2718281828,add,32768,adjacent,0.4999110698699951,0.4854736328125,0.5147705078125,0.0053551108564765335,7.997736731194792,0.9999999136431086,0.002238119802167371,-0.0007047653198242188,0.6661819302171773,0.03789315570042995,256.982421875,30,3928,2934,1019,0.5001424647813947,experiments/rule-comparison/raw/stats-add-2718281828-32768.json
validation,2718281828,add,1000000,spaced,0.4999459981918335,0.48046875,0.516357421875,0.0055269666240467365,7.999799405508652,0.9999998872908632,0.0009453144082803844,-0.00020551681518554688,0.4998630144887412,0.029538128898626198,238.1162109375,13,4128,3117,1021,0.5003857557427062,experiments/rule-comparison/raw/stats-add-2718281828-1000000.json
validation,2718281828,add,1000000,adjacent,0.4999035596847534,0.4873046875,0.514404296875,0.0050487752093745725,7.997639792956706,0.9999998753264296,0.0029421338848039102,-0.0005927085876464844,0.6660610465116279,0.03984628070042995,257.7939453125,32,3920,2928,1020,0.5001316066163796,experiments/rule-comparison/raw/stats-add-2718281828-1000000.json
validation,2718281828,local,32768,spaced,0.5000817775726318,0.4844970703125,0.5208740234375,0.005406822066929935,7.999827140310145,0.9999996705940122,0.0006543004517152173,-0.0003719329833984375,0.49973131613756616,0.01721915161365173,246.12109375,18,4185,3179,1020,0.49949379764889174,experiments/rule-comparison/raw/stats-local-2718281828-32768.json
validation,2718281828,local,32768,adjacent,0.49987292289733887,0.480224609375,0.5169677734375,0.005496360106547583,7.999815708752649,0.9999998689185183,0.0007809155607876317,0.00044345855712890625,0.5000180244093761,0.046871282000248815,230.970703125,15,4142,3133,1023,0.500027776380349,experiments/rule-comparison/raw/stats-local-2718281828-32768.json
validation,2718281828,local,1000000,spaced,0.49994802474975586,0.4827880859375,0.5164794921875,0.005397932442645829,7.999826210920178,0.9999999053095082,0.0005283747250732773,-0.0003299713134765625,0.50018192637197,0.02435954102181448,256.029296875,24,3992,2992,1021,0.5001207612848619,experiments/rule-comparison/raw/stats-local-2718281828-1000000.json
validation,2718281828,local,1000000,adjacent,0.4999603033065796,0.48388671875,0.5167236328125,0.005373526781155333,7.999842426132225,0.9999998887773528,0.0004221747464564496,0.00010251998901367188,0.5000396537006275,0.02188390903606191,246.638671875,15,4127,3118,1014,0.5000394879404307,experiments/rule-comparison/raw/stats-local-2718281828-1000000.json
validation,18446744073709551615,xor,32768,spaced,0.49988651275634766,0.4854736328125,0.513916015625,0.004998656443679989,7.997259442418594,0.999999723229485,0.0017313046019441503,-0.0013418197631835938,0.4987990936846315,0.04682118444440175,238.18359375,16,4237,3229,1021,0.5003263265687512,experiments/rule-comparison/raw/stats-xor-18446744073709551615-32768.json
validation,18446744073709551615,xor,32768,adjacent,0.5000505447387695,0.486328125,0.513427734375,0.004898654803095493,7.986997689711792,0.9999945661847548,0.002742625289952394,0.0003795623779296875,1.0,0.11344626001385383,192.314453125,0,5236,4212,1019,0.5013027231838108,experiments/rule-comparison/raw/stats-xor-18446744073709551615-32768.json
validation,18446744073709551615,xor,1000000,spaced,0.5000902414321899,0.4827880859375,0.519287109375,0.005468991658523744,7.99981878612536,0.9999998187478839,0.000470569087009709,0.0002455711364746094,0.5002535433585579,0.030550693126024098,254.513671875,23,4170,3169,1022,0.5000908284267706,experiments/rule-comparison/raw/stats-xor-18446744073709551615-1000000.json
validation,18446744073709551615,xor,1000000,adjacent,0.5000535249710083,0.4840087890625,0.517333984375,0.006005089776052775,7.986860721553037,0.9999931438654984,0.003080982557074785,0.00018644332885742188,1.0,0.10368063501385383,197.298828125,4,5028,4008,1017,0.5014201002499233,experiments/rule-comparison/raw/stats-xor-18446744073709551615-1000000.json
validation,18446744073709551615,add,32768,spaced,0.49993574619293213,0.47900390625,0.51904296875,0.005344493191541123,7.999386688111321,0.9999998806341441,0.0018975191684995618,-0.00014734268188476562,0.49974261143410853,0.01971968575152061,249.5732421875,12,4158,3146,1018,0.4991503525285423,experiments/rule-comparison/raw/stats-add-18446744073709551615-32768.json
validation,18446744073709551615,add,32768,adjacent,0.5000418424606323,0.48779296875,0.513916015625,0.004030658576347484,7.997530670099657,0.9999991188112457,0.0032023330636297143,0.0003018379211425781,0.6736788828903655,0.03490169288994771,235.1708984375,15,4159,3150,1020,0.4995517110550322,experiments/rule-comparison/raw/stats-add-18446744073709551615-32768.json
validation,18446744073709551615,add,1000000,spaced,0.4997760057449341,0.4808349609375,0.51806640625,0.005698744715686975,7.999816000465532,0.9999998493085193,0.0006998618404983059,0.00012350082397460938,0.49987935661990895,0.021445627739473658,243.0810546875,17,4082,3075,1023,0.4997082752507688,experiments/rule-comparison/raw/stats-add-18446744073709551615-1000000.json
validation,18446744073709551615,add,1000000,adjacent,0.5000134706497192,0.48779296875,0.513916015625,0.0041197238299296385,7.997489604664306,0.9999990790428727,0.0032333105277642105,0.0002818107604980469,0.6737079622708256,0.03031254671969824,235.98046875,16,4406,3398,1020,0.49970833549226357,experiments/rule-comparison/raw/stats-add-18446744073709551615-1000000.json
validation,18446744073709551615,local,32768,spaced,0.49999117851257324,0.4832763671875,0.515869140625,0.005355687644856586,7.999833267128099,0.9999999769994339,0.0006320559554571226,0.00015926361083984375,0.5003210748123539,0.04051836165640066,236.4228515625,19,4168,3163,1021,0.5001880953420341,experiments/rule-comparison/raw/stats-local-18446744073709551615-32768.json
validation,18446744073709551615,local,32768,adjacent,0.5001256465911865,0.4840087890625,0.515380859375,0.00534936656912072,7.999831432910217,0.9999998980837599,0.0006029682774697509,-0.0002346038818359375,0.5003278039251876,0.03649178588634827,258.244140625,20,4148,3144,1021,0.500291015894642,experiments/rule-comparison/raw/stats-local-18446744073709551615-32768.json
validation,18446744073709551615,local,1000000,spaced,0.4998743534088135,0.4835205078125,0.516357421875,0.0054240427481625185,7.9998326930123405,0.999999910481033,0.0006352641776357082,0.00047206878662109375,0.49949051002830075,0.0305045894583742,243.529296875,18,4053,3047,1016,0.5000902518252448,experiments/rule-comparison/raw/stats-local-18446744073709551615-1000000.json
validation,18446744073709551615,local,1000000,adjacent,0.4999927282333374,0.4833984375,0.51708984375,0.00545419237944263,7.999809878148776,0.9999999837263537,0.0006388681725919554,0.00019979476928710938,0.4996962286206472,0.0267716566311072,246.3408203125,15,4048,3039,1021,0.5001214177007447,experiments/rule-comparison/raw/stats-local-18446744073709551615-1000000.json
