seed,repeat,pairs,bits,packing_seconds,scalar_seconds,packed_seconds,checksum
0,0,4096,1024,0.022699500000000001,0.000495,3.01e-05,-3100
0,1,4096,1024,0.022699500000000001,0.00048919999999999996,3.0499999999999999e-05,-3100
0,2,4096,1024,0.022699500000000001,0.00046460000000000002,2.62e-05,-3100
1,0,4096,1024,0.0231839,0.00043379999999999997,3.15e-05,2910
1,1,4096,1024,0.0231839,0.00043429999999999999,2.6800000000000001e-05,2910
1,2,4096,1024,0.0231839,0.0004325,2.8799999999999999e-05,2910
42,0,4096,1024,0.0225601,0.00043429999999999999,3.4400000000000003e-05,178
42,1,4096,1024,0.0225601,0.00043419999999999998,2.62e-05,178
42,2,4096,1024,0.0225601,0.00043379999999999997,2.62e-05,178
12345,0,4096,1024,0.022790899999999999,0.0004393,2.65e-05,2718
12345,1,4096,1024,0.022790899999999999,0.00043340000000000002,2.62e-05,2718
12345,2,4096,1024,0.022790899999999999,0.00043590000000000002,2.62e-05,2718
20261009,0,4096,1024,0.022494,0.00043409999999999998,2.6599999999999999e-05,3838
20261009,1,4096,1024,0.022494,0.00043770000000000001,2.6400000000000001e-05,3838
20261009,2,4096,1024,0.022494,0.00043439999999999999,2.6299999999999999e-05,3838
314159265,0,4096,1024,0.022462099999999999,0.0004326,2.6299999999999999e-05,-1586
314159265,1,4096,1024,0.022462099999999999,0.000437,2.62e-05,-1586
314159265,2,4096,1024,0.022462099999999999,0.00043340000000000002,2.62e-05,-1586
2718281828,0,4096,1024,0.024171600000000001,0.00043399999999999998,2.62e-05,2414
2718281828,1,4096,1024,0.024171600000000001,0.0004393,2.6299999999999999e-05,2414
2718281828,2,4096,1024,0.024171600000000001,0.00050259999999999997,2.6299999999999999e-05,2414
18446744073709551615,0,4096,1024,0.025464899999999999,0.00056829999999999999,4.6300000000000001e-05,-3072
18446744073709551615,1,4096,1024,0.025464899999999999,0.00066660000000000005,3.1699999999999998e-05,-3072
18446744073709551615,2,4096,1024,0.025464899999999999,0.00069059999999999998,3.01e-05,-3072
