group,seed,model,task,train_count,features,noise_bp,repeats,rank,conflicts,raw_errors,voted_errors,baseline_correct,test_count,train_seconds,train_correct,test_correct,certified_answered,certified_correct,inference_seconds,checksum,weights_hex
development,0,linear,0,64,17,0,1,17,0,0,0,4167,8192,4.4000000000000002e-06,64,8192,8192,8192,0,0,1114b
development,0,linear,0,256,17,0,1,17,0,0,0,4025,8192,1.5e-05,256,8192,8192,8192,0,0,1114b
development,0,linear,0,1024,17,0,1,17,0,0,0,4167,8192,6.1099999999999994e-05,1024,8192,8192,8192,0.00060979999999999997,16600630,1114b
development,0,linear,1,64,17,0,1,17,32,0,0,6133,8192,3.5999999999999998e-06,,,,,,,
development,0,linear,1,256,17,0,1,17,123,0,0,6133,8192,1.4800000000000001e-05,,,,,,,
development,0,linear,1,1024,17,0,1,17,495,0,0,6133,8192,6.0699999999999998e-05,,,,,,,
development,0,linear,2,64,17,0,1,17,19,0,0,4089,8192,3.4999999999999999e-06,,,,,,,
development,0,linear,2,256,17,0,1,17,117,0,0,4089,8192,1.49e-05,,,,,,,
development,0,linear,2,1024,17,0,1,17,505,0,0,4089,8192,6.0900000000000003e-05,,,,,,,
development,0,linear,3,64,17,0,1,17,25,0,0,4087,8192,3.8e-06,,,,,,,
development,0,linear,3,256,17,0,1,17,119,0,0,4087,8192,1.59e-05,,,,,,,
development,0,linear,3,1024,17,0,1,17,516,0,0,4087,8192,6.5300000000000002e-05,,,,,,,
development,0,linear,4,64,17,0,1,17,28,0,0,4075,8192,3.4999999999999999e-06,,,,,,,
development,0,linear,4,256,17,0,1,17,124,0,0,4075,8192,1.4800000000000001e-05,,,,,,,
development,0,linear,4,1024,17,0,1,17,517,0,0,4117,8192,6.05e-05,,,,,,,
development,0,linear,5,64,17,0,1,17,16,0,0,3551,8192,3.3000000000000002e-06,,,,,,,
development,0,linear,5,256,17,0,1,17,115,0,0,4641,8192,1.45e-05,,,,,,,
development,0,linear,5,1024,17,0,1,17,496,0,0,4641,8192,6.0399999999999998e-05,,,,,,,
development,0,linear,0,1024,17,100,1,17,13,13,13,4167,8192,6.0699999999999998e-05,,,,,,,
development,0,linear,0,1024,17,100,5,17,0,46,0,4167,8192,8.9699999999999998e-05,1024,8192,8192,8192,0,0,1114b
development,0,linear,0,1024,17,500,1,17,517,61,61,4167,8192,6.0699999999999998e-05,,,,,,,
development,0,linear,0,1024,17,500,5,17,1,250,1,4167,8192,8.2899999999999996e-05,,,,,,,
development,0,reservoir,0,64,65,0,1,17,0,0,0,4167,8192,4.6999999999999999e-06,64,8192,8192,8192,0,0,3c92000000000000;1
development,0,reservoir,0,256,65,0,1,17,0,0,0,4025,8192,1.88e-05,256,8192,8192,8192,0,0,3c92000000000000;1
development,0,reservoir,0,1024,65,0,1,17,0,0,0,4167,8192,7.6199999999999995e-05,1024,8192,8192,8192,0.00061109999999999995,16600630,3c92000000000000;1
development,0,reservoir,1,64,65,0,1,17,32,0,0,6133,8192,4.6e-06,,,,,,,
development,0,reservoir,1,256,65,0,1,17,123,0,0,6133,8192,1.8499999999999999e-05,,,,,,,
development,0,reservoir,1,1024,65,0,1,17,495,0,0,6133,8192,7.6100000000000007e-05,,,,,,,
development,0,reservoir,2,64,65,0,1,17,19,0,0,4089,8192,4.1999999999999996e-06,,,,,,,
development,0,reservoir,2,256,65,0,1,17,117,0,0,4089,8192,1.8099999999999999e-05,,,,,,,
development,0,reservoir,2,1024,65,0,1,17,505,0,0,4089,8192,7.4499999999999995e-05,,,,,,,
development,0,reservoir,3,64,65,0,1,17,25,0,0,4087,8192,4.7999999999999998e-06,,,,,,,
development,0,reservoir,3,256,65,0,1,17,119,0,0,4087,8192,1.91e-05,,,,,,,
development,0,reservoir,3,1024,65,0,1,17,516,0,0,4087,8192,7.8399999999999995e-05,,,,,,,
development,0,reservoir,4,64,65,0,1,17,28,0,0,4075,8192,4.6e-06,,,,,,,
development,0,reservoir,4,256,65,0,1,17,124,0,0,4075,8192,1.84e-05,,,,,,,
development,0,reservoir,4,1024,65,0,1,17,517,0,0,4117,8192,7.5799999999999999e-05,,,,,,,
development,0,reservoir,5,64,65,0,1,17,16,0,0,3551,8192,4.1999999999999996e-06,,,,,,,
development,0,reservoir,5,256,65,0,1,17,115,0,0,4641,8192,1.8199999999999999e-05,,,,,,,
development,0,reservoir,5,1024,65,0,1,17,496,0,0,4641,8192,7.4599999999999997e-05,,,,,,,
development,0,quadratic,0,64,137,0,1,64,0,0,0,4167,8192,6.0000000000000002e-06,64,4071,0,0,0,0,0;cc0fa2939ddb6500;c4
development,0,quadratic,0,256,137,0,1,137,0,0,0,4025,8192,6.1099999999999994e-05,256,8192,8192,8192,0,0,1114b;0;0
development,0,quadratic,0,1024,137,0,1,137,0,0,0,4167,8192,0.00031179999999999999,1024,8192,8192,8192,0.0020858999999999999,16600630,1114b;0;0
development,0,quadratic,1,64,137,0,1,64,0,0,0,6133,8192,5.4999999999999999e-06,64,4063,0,0,0,0,0;3e30277b16d7cd00;76
development,0,quadratic,1,256,137,0,1,137,0,0,0,6133,8192,6.6600000000000006e-05,256,8192,8192,8192,0,0,20000;0;0
development,0,quadratic,1,1024,137,0,1,137,0,0,0,6133,8192,0.0003054,1024,8192,8192,8192,0.0020582,8475036,20000;0;0
development,0,quadratic,2,64,137,0,1,64,0,0,0,4089,8192,5.5999999999999997e-06,64,4067,0,0,0,0,0;7f2f207502ac2c00;186
development,0,quadratic,2,256,137,0,1,137,0,0,0,4089,8192,6.0600000000000003e-05,256,8192,8192,8192,0,0,100060000;0;0
development,0,quadratic,2,1024,137,0,1,137,0,0,0,4089,8192,0.00030479999999999998,1024,8192,8192,8192,0.0020049999999999998,16912177,100060000;0;0
development,0,quadratic,3,64,137,0,1,64,0,0,0,4087,8192,6.0000000000000002e-06,64,4006,0,0,0,0,0;47fc7e6fc1151500;1e6
development,0,quadratic,3,256,137,0,1,137,0,0,0,4087,8192,6.2700000000000006e-05,256,8192,8192,8192,0,0,60004;0;0
development,0,quadratic,3,1024,137,0,1,137,0,0,0,4087,8192,0.00031110000000000003,1024,8192,8192,8192,0.0019875000000000001,16849028,60004;0;0
development,0,quadratic,4,64,137,0,1,64,0,0,0,4075,8192,5.6999999999999996e-06,64,4073,0,0,0,0,0;21cd12ff291a6500;1db
development,0,quadratic,4,256,137,0,1,137,59,0,0,4075,8192,6.0800000000000001e-05,,,,,,,
development,0,quadratic,4,1024,137,0,1,137,435,0,0,4117,8192,0.00030820000000000001,,,,,,,
development,0,quadratic,5,64,137,0,1,64,0,0,0,3551,8192,5.2000000000000002e-06,64,4131,0,0,0,0,0;7fc54462d84ef000;11
development,0,quadratic,5,256,137,0,1,137,55,0,0,4641,8192,6.05e-05,,,,,,,
development,0,quadratic,5,1024,137,0,1,137,447,0,0,4641,8192,0.00030370000000000001,,,,,,,
development,0,cubic,0,64,697,0,1,64,0,0,0,4167,8192,5.4e-06,64,4135,0,0,0,0,0;0;0;0;0;0;100000000000000;0;0;9082800310802000;105260e4a341009
development,0,cubic,0,256,697,0,1,256,0,0,0,4025,8192,6.9400000000000006e-05,256,4061,0,0,0,0,0;0;0;0;0;4002000000000;100000000c00400;8aebae0704433998;60eb594923f82ccf;8fbccbaa8fdd4d3c;7f49940d18256a
development,0,cubic,0,1024,697,0,1,697,0,0,0,4167,8192,0.0014392999999999999,1024,8192,8192,8192,0.0052302,16600630,1114b;0;0;0;0;0;0;0;0;0;0
development,0,cubic,1,64,697,0,1,64,0,0,0,6133,8192,3.5999999999999998e-06,64,4385,0,0,0,0,0;0;0;0;0;0;100000000000000;100000000000000;0;d40080030000a000;3ab0d03942001
development,0,cubic,1,256,697,0,1,256,0,0,0,6133,8192,6.2199999999999994e-05,256,4204,0,0,0,0,0;0;0;0;0;2000001000;100000000000000;7b2d37c96f02b5cc;111c61d8a0bcbee1;2e36bb92a6b5040;d3208b68eb654b
development,0,cubic,1,1024,697,0,1,697,0,0,0,6133,8192,0.0013883999999999999,1024,8192,8192,8192,0.0054218000000000001,8475036,20000;0;0;0;0;0;0;0;0;0;0
development,0,cubic,2,64,697,0,1,64,0,0,0,4089,8192,3.7000000000000002e-06,64,4065,0,0,0,0,0;0;0;0;0;0;100000000000000;100000000000000;0;d482000310122040;1cc72000e142001
development,0,cubic,2,256,697,0,1,256,0,0,0,4089,8192,6.2700000000000006e-05,256,4026,0,0,0,0,0;0;0;0;0;2000001001;300000000000400;1f568357df2bfed8;921a00f823739724;63dd899a7254ac62;1ad49d75e4f31e1
development,0,cubic,2,1024,697,0,1,697,0,0,0,4089,8192,0.0013596000000000001,1024,8192,8192,8192,0.0052299,16912177,100060000;0;0;0;0;0;0;0;0;0;0
development,0,cubic,3,64,697,0,1,64,0,0,0,4087,8192,3.8999999999999999e-06,64,4096,0,0,0,0,0;0;0;0;0;0;0;0;8000020000000000;c00280020012a040;14cfb1600311801
development,0,cubic,3,256,697,0,1,256,0,0,0,4087,8192,7.3499999999999998e-05,256,4114,0,0,0,0,0;0;0;0;0;2000001001;200000000000400;601a2d211b4ae5bc;dc118406e2074460;3e335d0ec87714a6;19a3838fd4576f9
development,0,cubic,3,1024,697,0,1,697,0,0,0,4087,8192,0.0013646999999999999,1024,8192,8192,8192,0.0050572000000000004,16849028,60004;0;0;0;0;0;0;0;0;0;0
development,0,cubic,4,64,697,0,1,64,0,0,0,4075,8192,3.5999999999999998e-06,64,3991,0,0,0,0,0;0;0;0;0;0;100000000000000;100000000800000;20000000000;1402800310128010;edcb1ccc040809
development,0,cubic,4,256,697,0,1,256,0,0,0,4075,8192,6.0399999999999998e-05,256,4106,0,0,0,0,0;0;0;0;0;4000000000000;300000000c00400;d7558d2138ec79e8;f0d740671a5c2f71;ba64bfc9ed3afbba;8e48b2e2639331
development,0,cubic,4,1024,697,0,1,697,0,0,0,4117,8192,0.0013736,1024,8192,8192,8192,0.0052357999999999997,17025198,400000048;0;1000000400;0;0;0;0;0;0;0;0
development,0,cubic,5,64,697,0,1,64,0,0,0,3551,8192,3.8e-06,64,4168,0,0,0,0,0;0;0;0;0;0;0;0;0;c00200001082a040;1fe348fc2b03000
development,0,cubic,5,256,697,0,1,256,0,0,0,4641,8192,6.0600000000000003e-05,256,4155,0,0,0,0,0;0;0;0;0;2000000000;0;ff9589537ad47c;cedcfb1e85512e4b;da5f73e623ecac6f;14d7894b677ca6c
development,0,cubic,5,1024,697,0,1,697,172,0,0,4641,8192,0.0013485999999999999,,,,,,,
development,1,linear,0,64,17,0,1,17,0,0,0,4180,8192,4.0999999999999997e-06,64,8192,8192,8192,0,0,1114b
development,1,linear,0,256,17,0,1,17,0,0,0,4180,8192,1.5400000000000002e-05,256,8192,8192,8192,0,0,1114b
development,1,linear,0,1024,17,0,1,17,0,0,0,4180,8192,6.1199999999999997e-05,1024,8192,8192,8192,0.00060590000000000004,17113754,1114b
development,1,linear,1,64,17,0,1,17,28,0,0,6160,8192,3.8e-06,,,,,,,
development,1,linear,1,256,17,0,1,17,133,0,0,6160,8192,1.47e-05,,,,,,,
development,1,linear,1,1024,17,0,1,17,486,0,0,6160,8192,6.0999999999999999e-05,,,,,,,
development,1,linear,2,64,17,0,1,17,28,0,0,4154,8192,3.7000000000000002e-06,,,,,,,
development,1,linear,2,256,17,0,1,17,129,0,0,4154,8192,1.4800000000000001e-05,,,,,,,
development,1,linear,2,1024,17,0,1,17,496,0,0,4154,8192,6.1400000000000002e-05,,,,,,,
development,1,linear,3,64,17,0,1,17,27,0,0,4164,8192,3.8999999999999999e-06,,,,,,,
development,1,linear,3,256,17,0,1,17,129,0,0,4164,8192,1.56e-05,,,,,,,
development,1,linear,3,1024,17,0,1,17,498,0,0,4164,8192,6.4900000000000005e-05,,,,,,,
development,1,linear,4,64,17,0,1,17,24,0,0,4106,8192,3.7000000000000002e-06,,,,,,,
development,1,linear,4,256,17,0,1,17,115,0,0,4106,8192,1.4800000000000001e-05,,,,,,,
development,1,linear,4,1024,17,0,1,17,502,0,0,4086,8192,6.0999999999999999e-05,,,,,,,
development,1,linear,5,64,17,0,1,17,22,0,0,4587,8192,3.4999999999999999e-06,,,,,,,
development,1,linear,5,256,17,0,1,17,123,0,0,4587,8192,1.45e-05,,,,,,,
development,1,linear,5,1024,17,0,1,17,506,0,0,4587,8192,6.0800000000000001e-05,,,,,,,
development,1,linear,0,1024,17,100,1,17,8,8,8,4180,8192,6.1299999999999999e-05,,,,,,,
development,1,linear,0,1024,17,100,5,17,0,45,0,4180,8192,9.1700000000000006e-05,1024,8192,8192,8192,0,0,1114b
development,1,linear,0,1024,17,500,1,17,520,61,61,4180,8192,6.1400000000000002e-05,,,,,,,
development,1,linear,0,1024,17,500,5,17,1,273,1,4180,8192,8.3599999999999999e-05,,,,,,,
development,1,reservoir,0,64,65,0,1,17,0,0,0,4180,8192,4.7999999999999998e-06,64,8192,8192,8192,0,0,3c92000000000000;1
development,1,reservoir,0,256,65,0,1,17,0,0,0,4180,8192,1.9000000000000001e-05,256,8192,8192,8192,0,0,3c92000000000000;1
development,1,reservoir,0,1024,65,0,1,17,0,0,0,4180,8192,7.5599999999999994e-05,1024,8192,8192,8192,0.00061379999999999996,17113754,3c92000000000000;1
development,1,reservoir,1,64,65,0,1,17,28,0,0,6160,8192,4.4000000000000002e-06,,,,,,,
development,1,reservoir,1,256,65,0,1,17,133,0,0,6160,8192,1.8600000000000001e-05,,,,,,,
development,1,reservoir,1,1024,65,0,1,17,486,0,0,6160,8192,7.4900000000000005e-05,,,,,,,
development,1,reservoir,2,64,65,0,1,17,28,0,0,4154,8192,4.1999999999999996e-06,,,,,,,
development,1,reservoir,2,256,65,0,1,17,129,0,0,4154,8192,1.84e-05,,,,,,,
development,1,reservoir,2,1024,65,0,1,17,496,0,0,4154,8192,7.4800000000000002e-05,,,,,,,
development,1,reservoir,3,64,65,0,1,17,27,0,0,4164,8192,4.6999999999999999e-06,,,,,,,
development,1,reservoir,3,256,65,0,1,17,129,0,0,4164,8192,1.91e-05,,,,,,,
development,1,reservoir,3,1024,65,0,1,17,498,0,0,4164,8192,9.8599999999999998e-05,,,,,,,
development,1,reservoir,4,64,65,0,1,17,24,0,0,4106,8192,6.2999999999999998e-06,,,,,,,
development,1,reservoir,4,256,65,0,1,17,115,0,0,4106,8192,2.3600000000000001e-05,,,,,,,
development,1,reservoir,4,1024,65,0,1,17,502,0,0,4086,8192,8.9900000000000003e-05,,,,,,,
development,1,reservoir,5,64,65,0,1,17,22,0,0,4587,8192,4.6999999999999999e-06,,,,,,,
development,1,reservoir,5,256,65,0,1,17,123,0,0,4587,8192,1.8600000000000001e-05,,,,,,,
development,1,reservoir,5,1024,65,0,1,17,506,0,0,4587,8192,7.8800000000000004e-05,,,,,,,
development,1,quadratic,0,64,137,0,1,64,0,0,0,4180,8192,5.6999999999999996e-06,64,4035,0,0,0,0,0;18a8704594cb420;9b
development,1,quadratic,0,256,137,0,1,137,0,0,0,4180,8192,6.2600000000000004e-05,256,8192,8192,8192,0,0,1114b;0;0
development,1,quadratic,0,1024,137,0,1,137,0,0,0,4180,8192,0.00030689999999999998,1024,8192,8192,8192,0.0020303000000000001,17113754,1114b;0;0
development,1,quadratic,1,64,137,0,1,64,0,0,0,6160,8192,5.5999999999999997e-06,64,4144,0,0,0,0,0;fd751331802c5800;1f0
development,1,quadratic,1,256,137,0,1,137,0,0,0,6160,8192,6.1099999999999994e-05,256,8192,8192,8192,0,0,20000;0;0
development,1,quadratic,1,1024,137,0,1,137,0,0,0,6160,8192,0.0003232,1024,8192,8192,8192,0.0019859999999999999,8437695,20000;0;0
development,1,quadratic,2,64,137,0,1,64,0,0,0,4154,8192,5.6999999999999996e-06,64,4116,0,0,0,0,0;438eb00c41ec20;5f
development,1,quadratic,2,256,137,0,1,137,0,0,0,4154,8192,6.0099999999999997e-05,256,8192,8192,8192,0,0,100060000;0;0
development,1,quadratic,2,1024,137,0,1,137,0,0,0,4154,8192,0.00030969999999999999,1024,8192,8192,8192,0.001913,17025499,100060000;0;0
development,1,quadratic,3,64,137,0,1,64,0,0,0,4164,8192,6.1999999999999999e-06,64,4128,0,0,0,0,0;a8ef9cb790f64000;14b
development,1,quadratic,3,256,137,0,1,137,0,0,0,4164,8192,6.2299999999999996e-05,256,8192,8192,8192,0,0,60004;0;0
development,1,quadratic,3,1024,137,0,1,137,0,0,0,4164,8192,0.00031050000000000001,1024,8192,8192,8192,0.0020868000000000002,17058641,60004;0;0
development,1,quadratic,4,64,137,0,1,64,0,0,0,4106,8192,6.0000000000000002e-06,64,4145,0,0,0,0,0;d6e08800da7be820;183
development,1,quadratic,4,256,137,0,1,137,61,0,0,4106,8192,6.05e-05,,,,,,,
development,1,quadratic,4,1024,137,0,1,137,463,0,0,4086,8192,0.00030440000000000003,,,,,,,
development,1,quadratic,5,64,137,0,1,64,0,0,0,4587,8192,5.4e-06,64,4071,0,0,0,0,0;6e7606055e361400;bf
development,1,quadratic,5,256,137,0,1,137,54,0,0,4587,8192,5.9899999999999999e-05,,,,,,,
development,1,quadratic,5,1024,137,0,1,137,436,0,0,4587,8192,0.00030840000000000002,,,,,,,
development,1,cubic,0,64,697,0,1,64,0,0,0,4180,8192,3.9999999999999998e-06,64,4172,0,0,0,0,0;0;0;0;0;0;0;8;42000000000000;1408000000400000;1f943d1361264d5
development,1,cubic,0,256,697,0,1,256,0,0,0,4180,8192,7.08e-05,256,4107,0,0,0,0,0;0;0;10000000000;0;0;8000000000000400;8271af0f6f2b6d5c;b16555417c51fdee;9b22feae26ea2c1f;b4bc9c0c49ede
development,1,cubic,0,1024,697,0,1,697,0,0,0,4180,8192,0.0014031,1024,8192,8192,8192,0.0052180000000000004,17113754,1114b;0;0;0;0;0;0;0;0;0;0
development,1,cubic,1,64,697,0,1,64,0,0,0,6160,8192,4.3000000000000003e-06,64,4428,0,0,0,0,0;0;0;0;0;0;0;0;40000000000000;3408000000000000;1b9fa37cb722010
development,1,cubic,1,256,697,0,1,256,0,0,0,6160,8192,6.6799999999999997e-05,256,4194,0,0,0,0,0;0;0;10000000000;0;0;9000000000000000;a24cbf45844edb95;4b19713c921aab8d;23af0921210c789d;1f657b771ace68e
development,1,cubic,1,1024,697,0,1,697,0,0,0,6160,8192,0.0013997,1024,8192,8192,8192,0.0051481000000000001,8437695,20000;0;0;0;0;0;0;0;0;0;0
development,1,cubic,2,64,697,0,1,64,0,0,0,4154,8192,4.6e-06,64,4073,0,0,0,0,0;0;0;0;0;0;0;8;800000;3009000000008000;b4b65564686201
development,1,cubic,2,256,697,0,1,256,0,0,0,4154,8192,6.4999999999999994e-05,256,4075,0,0,0,0,0;0;0;10000000000;0;0;1000000000000400;7b242e50c1378eaf;8c29e61a26c278f2;c1321ca5b4f8d50a;3a4c9cd4b0f2ac
development,1,cubic,2,1024,697,0,1,697,0,0,0,4154,8192,0.0013891000000000001,1024,8192,8192,8192,0.0054603000000000004,17025499,100060000;0;0;0;0;0;0;0;0;0;0
development,1,cubic,3,64,697,0,1,64,0,0,0,4164,8192,4.6e-06,64,4066,0,0,0,0,0;0;0;0;0;0;0;8;800000;1400000000408000;ff633206eae421
development,1,cubic,3,256,697,0,1,256,0,0,0,4164,8192,6.4300000000000004e-05,256,4068,0,0,0,0,0;0;0;10000000000;0;800;9000000000000000;edca726c67be776c;552b3a376a8f9043;a76efa2a93cab6b;15ff8a7a752c314
development,1,cubic,3,1024,697,0,1,697,0,0,0,4164,8192,0.0013831,1024,8192,8192,8192,0.0051339000000000003,17058641,60004;0;0;0;0;0;0;0;0;0;0
development,1,cubic,4,64,697,0,1,64,0,0,0,4106,8192,4.1999999999999996e-06,64,4051,0,0,0,0,0;0;0;0;0;0;0;8;2008000010800;9000000408000;10fbe272b28c240
development,1,cubic,4,256,697,0,1,256,0,0,0,4106,8192,6.9800000000000003e-05,256,4035,0,0,0,0,0;0;0;0;0;800;c000000000000400;d7a1b1058bce0a4c;1d864eb018280df3;4a2a7c2ff3f438e;12aa9bbc757f02f
development,1,cubic,4,1024,697,0,1,697,0,0,0,4086,8192,0.0013826999999999999,1024,8192,8192,8192,0.0051479999999999998,16820309,400000048;0;1000000400;0;0;0;0;0;0;0;0
development,1,cubic,5,64,697,0,1,64,0,0,0,4587,8192,4.5000000000000001e-06,64,4138,0,0,0,0,0;0;0;0;0;0;0;0;8000800000;1000000000408000;175385036c304a0
development,1,cubic,5,256,697,0,1,256,0,0,0,4587,8192,6.58e-05,256,4218,0,0,0,0,0;0;0;0;0;0;c000000000000400;945c622ee696000;cf4d5ec26f97bac6;8a814efacc12b94e;82688c0e5a4194
development,1,cubic,5,1024,697,0,1,697,156,0,0,4587,8192,0.0013829999999999999,,,,,,,
development,42,linear,0,64,17,0,1,17,0,0,0,4158,8192,3.9999999999999998e-06,64,8192,8192,8192,0,0,1114b
development,42,linear,0,256,17,0,1,17,0,0,0,4158,8192,1.49e-05,256,8192,8192,8192,0,0,1114b
development,42,linear,0,1024,17,0,1,17,0,0,0,4034,8192,6.1299999999999999e-05,1024,8192,8192,8192,0.00076940000000000005,16574596,1114b
development,42,linear,1,64,17,0,1,17,26,0,0,6106,8192,4.3000000000000003e-06,,,,,,,
development,42,linear,1,256,17,0,1,17,109,0,0,6106,8192,1.7399999999999999e-05,,,,,,,
development,42,linear,1,1024,17,0,1,17,496,0,0,6106,8192,7.08e-05,,,,,,,
development,42,linear,2,64,17,0,1,17,21,0,0,4075,8192,4.6e-06,,,,,,,
development,42,linear,2,256,17,0,1,17,111,0,0,4117,8192,1.8499999999999999e-05,,,,,,,
development,42,linear,2,1024,17,0,1,17,496,0,0,4117,8192,6.1699999999999995e-05,,,,,,,
development,42,linear,3,64,17,0,1,17,25,0,0,4105,8192,3.9999999999999998e-06,,,,,,,
development,42,linear,3,256,17,0,1,17,118,0,0,4105,8192,1.5999999999999999e-05,,,,,,,
development,42,linear,3,1024,17,0,1,17,510,0,0,4105,8192,6.5400000000000004e-05,,,,,,,
development,42,linear,4,64,17,0,1,17,37,0,0,4053,8192,3.7000000000000002e-06,,,,,,,
development,42,linear,4,256,17,0,1,17,143,0,0,4053,8192,1.4800000000000001e-05,,,,,,,
development,42,linear,4,1024,17,0,1,17,545,0,0,4139,8192,6.6000000000000005e-05,,,,,,,
development,42,linear,5,64,17,0,1,17,20,0,0,4571,8192,3.8e-06,,,,,,,
development,42,linear,5,256,17,0,1,17,121,0,0,4571,8192,1.4800000000000001e-05,,,,,,,
development,42,linear,5,1024,17,0,1,17,493,0,0,4571,8192,6.0699999999999998e-05,,,,,,,
development,42,linear,0,1024,17,100,1,17,6,6,6,4034,8192,6.1799999999999998e-05,,,,,,,
development,42,linear,0,1024,17,100,5,17,0,65,0,4034,8192,9.0000000000000006e-05,1024,8192,8192,8192,0,0,1114b
development,42,linear,0,1024,17,500,1,17,531,60,60,4034,8192,6.1600000000000007e-05,,,,,,,
development,42,linear,0,1024,17,500,5,17,0,286,0,4034,8192,8.3700000000000002e-05,1024,8192,8192,8192,0,0,1114b
development,42,reservoir,0,64,65,0,1,17,0,0,0,4158,8192,4.6999999999999999e-06,64,8192,8192,8192,0,0,3c92000000000000;1
development,42,reservoir,0,256,65,0,1,17,0,0,0,4158,8192,1.8300000000000001e-05,256,8192,8192,8192,0,0,3c92000000000000;1
development,42,reservoir,0,1024,65,0,1,17,0,0,0,4034,8192,7.5799999999999999e-05,1024,8192,8192,8192,0.0006133,16574596,3c92000000000000;1
development,42,reservoir,1,64,65,0,1,17,26,0,0,6106,8192,4.3000000000000003e-06,,,,,,,
development,42,reservoir,1,256,65,0,1,17,109,0,0,6106,8192,1.8300000000000001e-05,,,,,,,
development,42,reservoir,1,1024,65,0,1,17,496,0,0,6106,8192,7.5099999999999996e-05,,,,,,,
development,42,reservoir,2,64,65,0,1,17,21,0,0,4075,8192,4.0999999999999997e-06,,,,,,,
development,42,reservoir,2,256,65,0,1,17,111,0,0,4117,8192,1.8e-05,,,,,,,
development,42,reservoir,2,1024,65,0,1,17,496,0,0,4117,8192,7.47e-05,,,,,,,
development,42,reservoir,3,64,65,0,1,17,25,0,0,4105,8192,4.6e-06,,,,,,,
development,42,reservoir,3,256,65,0,1,17,118,0,0,4105,8192,1.88e-05,,,,,,,
development,42,reservoir,3,1024,65,0,1,17,510,0,0,4105,8192,7.86e-05,,,,,,,
development,42,reservoir,4,64,65,0,1,17,37,0,0,4053,8192,4.4000000000000002e-06,,,,,,,
development,42,reservoir,4,256,65,0,1,17,143,0,0,4053,8192,1.8199999999999999e-05,,,,,,,
development,42,reservoir,4,1024,65,0,1,17,545,0,0,4139,8192,7.5099999999999996e-05,,,,,,,
development,42,reservoir,5,64,65,0,1,17,20,0,0,4571,8192,3.9999999999999998e-06,,,,,,,
development,42,reservoir,5,256,65,0,1,17,121,0,0,4571,8192,1.8099999999999999e-05,,,,,,,
development,42,reservoir,5,1024,65,0,1,17,493,0,0,4571,8192,7.7399999999999998e-05,,,,,,,
development,42,quadratic,0,64,137,0,1,64,0,0,0,4158,8192,5.5999999999999997e-06,64,4158,0,0,0,0,0;402d2721b1da400;141
development,42,quadratic,0,256,137,0,1,137,0,0,0,4158,8192,5.9500000000000003e-05,256,8192,8192,8192,0,0,1114b;0;0
development,42,quadratic,0,1024,137,0,1,137,0,0,0,4034,8192,0.00031359999999999998,1024,8192,8192,8192,0.0020500000000000002,16574596,1114b;0;0
development,42,quadratic,1,64,137,0,1,64,0,0,0,6106,8192,5.9000000000000003e-06,64,4079,0,0,0,0,0;65ba0ec1d23d3000;2f
development,42,quadratic,1,256,137,0,1,137,0,0,0,6106,8192,6.0300000000000002e-05,256,8192,8192,8192,0,0,20000;0;0
development,42,quadratic,1,1024,137,0,1,137,0,0,0,6106,8192,0.00030650000000000002,1024,8192,8192,8192,0.0020236,8576092,20000;0;0
development,42,quadratic,2,64,137,0,1,64,0,0,0,4075,8192,5.9000000000000003e-06,64,4054,0,0,0,0,0;f9301a7245780100;6e
development,42,quadratic,2,256,137,0,1,137,0,0,0,4117,8192,5.9899999999999999e-05,256,8192,8192,8192,0,0,100060000;0;0
development,42,quadratic,2,1024,137,0,1,137,0,0,0,4117,8192,0.00030009999999999998,1024,8192,8192,8192,0.0020100999999999999,16703849,100060000;0;0
development,42,quadratic,3,64,137,0,1,64,0,0,0,4105,8192,6.3999999999999997e-06,64,4047,0,0,0,0,0;6969f68e7dbd8900;27
development,42,quadratic,3,256,137,0,1,137,0,0,0,4105,8192,6.0999999999999999e-05,256,8192,8192,8192,0,0,60004;0;0
development,42,quadratic,3,1024,137,0,1,137,0,0,0,4105,8192,0.0003034,1024,8192,8192,8192,0.0019954999999999999,16583225,60004;0;0
development,42,quadratic,4,64,137,0,1,64,0,0,0,4053,8192,5.9000000000000003e-06,64,4104,0,0,0,0,0;8ebbc737f0b66400;9d
development,42,quadratic,4,256,137,0,1,137,57,0,0,4053,8192,6.0000000000000002e-05,,,,,,,
development,42,quadratic,4,1024,137,0,1,137,440,0,0,4139,8192,0.00029999999999999997,,,,,,,
development,42,quadratic,5,64,137,0,1,64,0,0,0,4571,8192,5.3000000000000001e-06,64,4145,0,0,0,0,0;d820e4a54a9d0400;91
development,42,quadratic,5,256,137,0,1,137,60,0,0,4571,8192,5.91e-05,,,,,,,
development,42,quadratic,5,1024,137,0,1,137,427,0,0,4571,8192,0.00029829999999999999,,,,,,,
development,42,cubic,0,64,697,0,1,64,0,0,0,4158,8192,5.0000000000000004e-06,64,4168,0,0,0,0,0;0;0;0;0;0;0;80000000000000;80400000080;400800000008000;d7940f5e892b01
development,42,cubic,0,256,697,0,1,256,0,0,0,4158,8192,6.7799999999999995e-05,256,4065,0,0,0,0,0;20;400000000;0;0;4000000020;0;6eb7aa1bbcef8d40;67e7b77ff727888d;f50c79f23535a758;a83cf731c38bd
development,42,cubic,0,1024,697,0,1,697,0,0,0,4034,8192,0.0014242,1024,8192,8192,8192,0.0052525000000000002,16574596,1114b;0;0;0;0;0;0;0;0;0;0
development,42,cubic,1,64,697,0,1,64,0,0,0,6106,8192,4.3000000000000003e-06,64,4382,0,0,0,0,0;0;0;0;0;0;0;0;400000080;1140801000008000;bf5b1624f60248
development,42,cubic,1,256,697,0,1,256,0,0,0,6106,8192,6.9999999999999994e-05,256,4114,0,0,0,0,0;0;0;0;0;800000800000000;10000;31871734f4433900;fb7177777742a792;dc65f0e00d01e941;313cf9244e0229
development,42,cubic,1,1024,697,0,1,697,0,0,0,6106,8192,0.0013775,1024,8192,8192,8192,0.0051200000000000004,8576092,20000;0;0;0;0;0;0;0;0;0;0
development,42,cubic,2,64,697,0,1,64,0,0,0,4075,8192,4.4000000000000002e-06,64,4128,0,0,0,0,0;0;0;0;0;0;0;80000000000000;80400000080;1540021000008000;128bb2b63d5a408
development,42,cubic,2,256,697,0,1,256,0,0,0,4117,8192,6.3899999999999995e-05,256,4080,0,0,0,0,0;0;400000000;0;0;800000800000040;10000;452b0a4f04468ec0;56a78493744a4bc8;3e0e57d4d90c6f5d;50dbede1a1eac1
development,42,cubic,2,1024,697,0,1,697,0,0,0,4117,8192,0.0014480000000000001,1024,8192,8192,8192,0.0051279000000000003,16703849,100060000;0;0;0;0;0;0;0;0;0;0
development,42,cubic,3,64,697,0,1,64,0,0,0,4105,8192,4.4000000000000002e-06,64,4130,0,0,0,0,0;0;0;0;0;0;0;80000000000000;80400000080;40020000000000;9d733a972ba040
development,42,cubic,3,256,697,0,1,256,0,0,0,4105,8192,6.8399999999999996e-05,256,4136,0,0,0,0,0;0;400000000;0;0;800000800000060;200000000010000;2c6913b612a75a00;52b3c5a505365382;17ddebdefdcf493d;ba0cbb52a23f67
development,42,cubic,3,1024,697,0,1,697,0,0,0,4105,8192,0.0013817,1024,8192,8192,8192,0.0052424999999999998,16583225,60004;0;0;0;0;0;0;0;0;0;0
development,42,cubic,4,64,697,0,1,64,0,0,0,4053,8192,4.1999999999999996e-06,64,4098,0,0,0,0,0;0;0;0;0;0;400000000;80000000000000;400000000;100020000008000;96a22cbbc92941
development,42,cubic,4,256,697,0,1,256,0,0,0,4053,8192,6.2700000000000006e-05,256,4121,0,0,0,0,0;0;400000000;0;0;800000000000020;404010000;adc2e8b7eb2c7300;805d0f2cb4887238;cdd33f735fd5e103;18a0e284645be80
development,42,cubic,4,1024,697,0,1,697,0,0,0,4139,8192,0.0019212999999999999,1024,8192,8192,8192,0.0052510999999999999,16717169,400000048;0;1000000400;0;0;0;0;0;0;0;0
development,42,cubic,5,64,697,0,1,64,0,0,0,4571,8192,4.3000000000000003e-06,64,4209,0,0,0,0,0;0;0;0;0;0;0;0;80400000080;1400000000000000;162525671be1008
development,42,cubic,5,256,697,0,1,256,0,0,0,4571,8192,6.2799999999999995e-05,256,4166,0,0,0,0,0;0;0;0;0;4800000000;4000000;169476c04ca85700;7dc0c2e0ae5fe086;a1ea01126d2a1545;99be4fbe174a99
development,42,cubic,5,1024,697,0,1,697,160,0,0,4571,8192,0.0014040999999999999,,,,,,,
development,12345,linear,0,64,17,0,1,17,0,0,0,4078,8192,3.8999999999999999e-06,64,8192,8192,8192,0,0,1114b
development,12345,linear,0,256,17,0,1,17,0,0,0,4078,8192,1.5400000000000002e-05,256,8192,8192,8192,0,0,1114b
development,12345,linear,0,1024,17,0,1,17,0,0,0,4078,8192,6.1600000000000007e-05,1024,8192,8192,8192,0.00061379999999999996,16599510,1114b
development,12345,linear,1,64,17,0,1,17,17,0,0,6176,8192,3.9999999999999998e-06,,,,,,,
development,12345,linear,1,256,17,0,1,17,115,0,0,6176,8192,1.5500000000000001e-05,,,,,,,
development,12345,linear,1,1024,17,0,1,17,521,0,0,6176,8192,6.2299999999999996e-05,,,,,,,
development,12345,linear,2,64,17,0,1,17,23,0,0,4108,8192,3.5999999999999998e-06,,,,,,,
development,12345,linear,2,256,17,0,1,17,124,0,0,4084,8192,1.5400000000000002e-05,,,,,,,
development,12345,linear,2,1024,17,0,1,17,499,0,0,4108,8192,6.19e-05,,,,,,,
development,12345,linear,3,64,17,0,1,17,13,0,0,4057,8192,3.8999999999999999e-06,,,,,,,
development,12345,linear,3,256,17,0,1,17,66,0,0,4135,8192,1.6099999999999998e-05,,,,,,,
development,12345,linear,3,1024,17,0,1,17,253,0,0,4057,8192,6.4900000000000005e-05,,,,,,,
development,12345,linear,4,64,17,0,1,17,27,0,0,4099,8192,3.5999999999999998e-06,,,,,,,
development,12345,linear,4,256,17,0,1,17,124,0,0,4093,8192,1.52e-05,,,,,,,
development,12345,linear,4,1024,17,0,1,17,486,0,0,4099,8192,6.1199999999999997e-05,,,,,,,
development,12345,linear,5,64,17,0,1,17,25,0,0,4579,8192,3.3000000000000002e-06,,,,,,,
development,12345,linear,5,256,17,0,1,17,113,0,0,4579,8192,1.5299999999999999e-05,,,,,,,
development,12345,linear,5,1024,17,0,1,17,492,0,0,4579,8192,6.1299999999999999e-05,,,,,,,
development,12345,linear,0,1024,17,100,1,17,7,7,7,4078,8192,6.1500000000000004e-05,,,,,,,
development,12345,linear,0,1024,17,100,5,17,0,47,0,4078,8192,8.9099999999999997e-05,1024,8192,8192,8192,0,0,1114b
development,12345,linear,0,1024,17,500,1,17,520,44,44,4078,8192,6.1500000000000004e-05,,,,,,,
development,12345,linear,0,1024,17,500,5,17,0,251,0,4078,8192,8.3800000000000004e-05,1024,8192,8192,8192,0,0,1114b
development,12345,reservoir,0,64,65,0,1,17,0,0,0,4078,8192,4.6e-06,64,8192,8192,8192,0,0,3c92000000000000;1
development,12345,reservoir,0,256,65,0,1,17,0,0,0,4078,8192,1.84e-05,256,8192,8192,8192,0,0,3c92000000000000;1
development,12345,reservoir,0,1024,65,0,1,17,0,0,0,4078,8192,7.6100000000000007e-05,1024,8192,8192,8192,0.00061160000000000001,16599510,3c92000000000000;1
development,12345,reservoir,1,64,65,0,1,17,17,0,0,6176,8192,4.6e-06,,,,,,,
development,12345,reservoir,1,256,65,0,1,17,115,0,0,6176,8192,1.9899999999999999e-05,,,,,,,
development,12345,reservoir,1,1024,65,0,1,17,521,0,0,6176,8192,7.5199999999999998e-05,,,,,,,
development,12345,reservoir,2,64,65,0,1,17,23,0,0,4108,8192,4.1999999999999996e-06,,,,,,,
development,12345,reservoir,2,256,65,0,1,17,124,0,0,4084,8192,1.8099999999999999e-05,,,,,,,
development,12345,reservoir,2,1024,65,0,1,17,499,0,0,4108,8192,7.5300000000000001e-05,,,,,,,
development,12345,reservoir,3,64,65,0,1,17,13,0,0,4057,8192,4.7999999999999998e-06,,,,,,,
development,12345,reservoir,3,256,65,0,1,17,66,0,0,4135,8192,1.8899999999999999e-05,,,,,,,
development,12345,reservoir,3,1024,65,0,1,17,253,0,0,4057,8192,7.9200000000000001e-05,,,,,,,
development,12345,reservoir,4,64,65,0,1,17,27,0,0,4099,8192,4.5000000000000001e-06,,,,,,,
development,12345,reservoir,4,256,65,0,1,17,124,0,0,4093,8192,1.8199999999999999e-05,,,,,,,
development,12345,reservoir,4,1024,65,0,1,17,486,0,0,4099,8192,7.5300000000000001e-05,,,,,,,
development,12345,reservoir,5,64,65,0,1,17,25,0,0,4579,8192,4.0999999999999997e-06,,,,,,,
development,12345,reservoir,5,256,65,0,1,17,113,0,0,4579,8192,1.8099999999999999e-05,,,,,,,
development,12345,reservoir,5,1024,65,0,1,17,492,0,0,4579,8192,7.6600000000000005e-05,,,,,,,
development,12345,quadratic,0,64,137,0,1,64,0,0,0,4078,8192,5.6999999999999996e-06,64,4077,0,0,0,0,200000000000000;5c6cb8c1e2475900;1e4
development,12345,quadratic,0,256,137,0,1,137,0,0,0,4078,8192,5.9500000000000003e-05,256,8192,8192,8192,0,0,1114b;0;0
development,12345,quadratic,0,1024,137,0,1,137,0,0,0,4078,8192,0.00032000000000000003,1024,8192,8192,8192,0.0019479,16599510,1114b;0;0
development,12345,quadratic,1,64,137,0,1,64,0,0,0,6176,8192,5.3000000000000001e-06,64,4140,0,0,0,0,0;c55aeb057f263900;b3
development,12345,quadratic,1,256,137,0,1,137,0,0,0,6176,8192,5.8999999999999998e-05,256,8192,8192,8192,0,0,20000;0;0
development,12345,quadratic,1,1024,137,0,1,137,0,0,0,6176,8192,0.00030870000000000002,1024,8192,8192,8192,0.0020230000000000001,8268445,20000;0;0
development,12345,quadratic,2,64,137,0,1,64,0,0,0,4108,8192,5.5999999999999997e-06,64,4066,0,0,0,0,0;88dfe25d3ca8e000;14
development,12345,quadratic,2,256,137,0,1,137,0,0,0,4084,8192,6.1400000000000002e-05,256,8192,8192,8192,0,0,100060000;0;0
development,12345,quadratic,2,1024,137,0,1,137,0,0,0,4108,8192,0.00030420000000000002,1024,8192,8192,8192,0.0020609000000000001,16584899,100060000;0;0
development,12345,quadratic,3,64,137,0,1,64,0,0,0,4057,8192,6.1e-06,64,4009,0,0,0,0,200000000000000;9324bf61ee174900;161
development,12345,quadratic,3,256,137,0,1,137,0,0,0,4135,8192,6.0399999999999998e-05,256,8192,8192,8192,0,0,60004;0;0
development,12345,quadratic,3,1024,137,0,1,137,0,0,0,4057,8192,0.00030509999999999999,1024,8192,8192,8192,0.0021177000000000001,16785919,60004;0;0
development,12345,quadratic,4,64,137,0,1,64,0,0,0,4099,8192,5.5999999999999997e-06,64,4204,0,0,0,0,200000000000000;2e24ebf04f91e000;1f0
development,12345,quadratic,4,256,137,0,1,137,60,0,0,4093,8192,6.0699999999999998e-05,,,,,,,
development,12345,quadratic,4,1024,137,0,1,137,435,0,0,4099,8192,0.00030180000000000002,,,,,,,
development,12345,quadratic,5,64,137,0,1,64,0,0,0,4579,8192,5.0000000000000004e-06,64,4128,0,0,0,0,0;58d91280eda19000;91
development,12345,quadratic,5,256,137,0,1,137,59,0,0,4579,8192,5.9299999999999998e-05,,,,,,,
development,12345,quadratic,5,1024,137,0,1,137,453,0,0,4579,8192,0.00030239999999999998,,,,,,,
development,12345,cubic,0,64,697,0,1,64,0,0,0,4078,8192,3.8e-06,64,4091,0,0,0,0,0;0;0;0;0;0;1000000;0;a000002000000000;6000080008000400;8824383749001
development,12345,cubic,0,256,697,0,1,256,0,0,0,4078,8192,6.0800000000000001e-05,256,4071,0,0,0,0,0;0;0;1000000000000;0;0;100001000000;745ba224e42de84e;2dcbb4fa1924b9e9;1f5aee48bc3bcd5a;1b7b4b807c4fc5a
development,12345,cubic,0,1024,697,0,1,697,0,0,0,4078,8192,0.0015329,1024,8192,8192,8192,0.0051643000000000001,16599510,1114b;0;0;0;0;0;0;0;0;0;0
development,12345,cubic,1,64,697,0,1,64,0,0,0,6176,8192,4.1999999999999996e-06,64,4411,0,0,0,0,0;0;0;0;20000000000000;0;0;100000000000;8000000000000000;4000000001000401;19c82c18092d1c0
development,12345,cubic,1,256,697,0,1,256,0,0,0,6176,8192,5.9200000000000002e-05,256,4107,0,0,0,0,0;0;0;0;20000000000000;10;4100000;1896f661eb31e0f8;b72a1759d427484d;21df3f44d3efd4d8;1042270041003cd
development,12345,cubic,1,1024,697,0,1,697,0,0,0,6176,8192,0.0013757999999999999,1024,8192,8192,8192,0.0052344000000000002,8268445,20000;0;0;0;0;0;0;0;0;0;0
development,12345,cubic,2,64,697,0,1,64,0,0,0,4108,8192,3.9999999999999998e-06,64,4160,0,0,0,0,0;0;0;0;20000000000000;0;0;100000000000;a000000000000000;6000084001000001;17cd9f921520081
development,12345,cubic,2,256,697,0,1,256,0,0,0,4084,8192,5.9200000000000002e-05,256,4052,0,0,0,0,0;0;0;0;20000000000000;10;100000;44b6fe0e634b7cb8;61228dd7f49f16a9;99cc3a14e70de369;11c2358c0b00693
development,12345,cubic,2,1024,697,0,1,697,0,0,0,4108,8192,0.0014019,1024,8192,8192,8192,0.0051399000000000002,16584899,100060000;0;0;0;0;0;0;0;0;0;0
development,12345,cubic,3,64,697,0,1,64,0,0,0,4057,8192,4.5000000000000001e-06,64,4169,0,0,0,0,0;0;0;0;0;0;1000000;0;2000000000000010;2000084000010401;90017d23c09100
development,12345,cubic,3,256,697,0,1,256,0,0,0,4135,8192,6.7700000000000006e-05,256,4078,0,0,0,0,0;0;0;0;0;0;1000000;3a0804467e48dbec;4c0ac94e91e16f34;f5a0c810226ef95e;1824c2719c27093
development,12345,cubic,3,1024,697,0,1,697,0,0,0,4057,8192,0.0013489999999999999,1024,8192,8192,8192,0.0051517000000000004,16785919,60004;0;0;0;0;0;0;0;0;0;0
development,12345,cubic,4,64,697,0,1,64,0,0,0,4099,8192,4.3000000000000003e-06,64,3974,0,0,0,0,0;0;0;0;0;0;1000000;100000000000;10;84000012001;1ca5075aa660011
development,12345,cubic,4,256,697,0,1,256,0,0,0,4093,8192,5.9599999999999999e-05,256,4099,0,0,0,0,0;0;0;0;0;10;5000000;1a971d5fcf2ef8b8;6be8dd99bad85718;6d7d399c4668bbb1;1a3bc57dda04314
development,12345,cubic,4,1024,697,0,1,697,0,0,0,4099,8192,0.0013985,1024,8192,8192,8192,0.0051359999999999999,16828386,400000048;0;1000000400;0;0;0;0;0;0;0;0
development,12345,cubic,5,64,697,0,1,64,0,0,0,4579,8192,3.9999999999999998e-06,64,4383,0,0,0,0,0;0;0;0;0;0;0;0;8000002000000000;4000000000000001;18489cca0ca8190
development,12345,cubic,5,256,697,0,1,256,0,0,0,4579,8192,5.8799999999999999e-05,256,4156,0,0,0,0,0;0;0;0;0;10;100000000000;f651c1eb12571124;df255dad945f4de2;6c0c13606bf90cb;1986bac5c403052
development,12345,cubic,5,1024,697,0,1,697,163,0,0,4579,8192,0.0013822999999999999,,,,,,,
validation,20261009,linear,0,64,17,0,1,17,0,0,0,4131,8192,5.1000000000000003e-06,64,8192,8192,8192,0,0,1114b
validation,20261009,linear,0,256,17,0,1,17,0,0,0,4131,8192,1.8899999999999999e-05,256,8192,8192,8192,0,0,1114b
validation,20261009,linear,0,1024,17,0,1,17,0,0,0,4061,8192,6.3e-05,1024,8192,8192,8192,0.0006156,16710251,1114b
validation,20261009,linear,1,64,17,0,1,17,21,0,0,6169,8192,4.5000000000000001e-06,,,,,,,
validation,20261009,linear,1,256,17,0,1,17,108,0,0,6169,8192,1.5500000000000001e-05,,,,,,,
validation,20261009,linear,1,1024,17,0,1,17,508,0,0,6169,8192,6.5900000000000003e-05,,,,,,,
validation,20261009,linear,2,64,17,0,1,17,25,0,0,4052,8192,3.7000000000000002e-06,,,,,,,
validation,20261009,linear,2,256,17,0,1,17,125,0,0,4052,8192,1.49e-05,,,,,,,
validation,20261009,linear,2,1024,17,0,1,17,492,0,0,4052,8192,6.0999999999999999e-05,,,,,,,
validation,20261009,linear,3,64,17,0,1,17,11,0,0,4173,8192,3.8999999999999999e-06,,,,,,,
validation,20261009,linear,3,256,17,0,1,17,66,0,0,4019,8192,1.5699999999999999e-05,,,,,,,
validation,20261009,linear,3,1024,17,0,1,17,276,0,0,4019,8192,6.5400000000000004e-05,,,,,,,
validation,20261009,linear,4,64,17,0,1,17,22,0,0,4099,8192,3.7000000000000002e-06,,,,,,,
validation,20261009,linear,4,256,17,0,1,17,111,0,0,4099,8192,1.49e-05,,,,,,,
validation,20261009,linear,4,1024,17,0,1,17,490,0,0,4099,8192,6.0699999999999998e-05,,,,,,,
validation,20261009,linear,5,64,17,0,1,17,23,0,0,3564,8192,3.4999999999999999e-06,,,,,,,
validation,20261009,linear,5,256,17,0,1,17,124,0,0,4628,8192,1.4800000000000001e-05,,,,,,,
validation,20261009,linear,5,1024,17,0,1,17,493,0,0,4628,8192,6.05e-05,,,,,,,
validation,20261009,linear,0,1024,17,100,1,17,12,12,12,4061,8192,6.0600000000000003e-05,,,,,,,
validation,20261009,linear,0,1024,17,100,5,17,0,50,0,4061,8192,8.9400000000000005e-05,1024,8192,8192,8192,0,0,1114b
validation,20261009,linear,0,1024,17,500,1,17,510,68,68,4061,8192,6.0800000000000001e-05,,,,,,,
validation,20261009,linear,0,1024,17,500,5,17,495,299,5,4061,8192,8.3200000000000003e-05,,,,,,,
validation,20261009,reservoir,0,64,65,0,1,17,0,0,0,4131,8192,4.7999999999999998e-06,64,8192,8192,8192,0,0,3c92000000000000;1
validation,20261009,reservoir,0,256,65,0,1,17,0,0,0,4131,8192,1.91e-05,256,8192,8192,8192,0,0,3c92000000000000;1
validation,20261009,reservoir,0,1024,65,0,1,17,0,0,0,4061,8192,7.6100000000000007e-05,1024,8192,8192,8192,0.0006133,16710251,3c92000000000000;1
validation,20261009,reservoir,1,64,65,0,1,17,21,0,0,6169,8192,4.5000000000000001e-06,,,,,,,
validation,20261009,reservoir,1,256,65,0,1,17,108,0,0,6169,8192,1.8600000000000001e-05,,,,,,,
validation,20261009,reservoir,1,1024,65,0,1,17,508,0,0,6169,8192,7.47e-05,,,,,,,
validation,20261009,reservoir,2,64,65,0,1,17,25,0,0,4052,8192,4.1999999999999996e-06,,,,,,,
validation,20261009,reservoir,2,256,65,0,1,17,125,0,0,4052,8192,1.8199999999999999e-05,,,,,,,
validation,20261009,reservoir,2,1024,65,0,1,17,492,0,0,4052,8192,7.4599999999999997e-05,,,,,,,
validation,20261009,reservoir,3,64,65,0,1,17,11,0,0,4173,8192,4.6999999999999999e-06,,,,,,,
validation,20261009,reservoir,3,256,65,0,1,17,66,0,0,4019,8192,1.91e-05,,,,,,,
validation,20261009,reservoir,3,1024,65,0,1,17,276,0,0,4019,8192,7.8800000000000004e-05,,,,,,,
validation,20261009,reservoir,4,64,65,0,1,17,22,0,0,4099,8192,4.4000000000000002e-06,,,,,,,
validation,20261009,reservoir,4,256,65,0,1,17,111,0,0,4099,8192,1.8499999999999999e-05,,,,,,,
validation,20261009,reservoir,4,1024,65,0,1,17,490,0,0,4099,8192,7.47e-05,,,,,,,
validation,20261009,reservoir,5,64,65,0,1,17,23,0,0,3564,8192,4.0999999999999997e-06,,,,,,,
validation,20261009,reservoir,5,256,65,0,1,17,124,0,0,4628,8192,1.8099999999999999e-05,,,,,,,
validation,20261009,reservoir,5,1024,65,0,1,17,493,0,0,4628,8192,7.4200000000000001e-05,,,,,,,
validation,20261009,quadratic,0,64,137,0,1,64,0,0,0,4131,8192,5.4999999999999999e-06,64,4054,0,0,0,0,0;62fbe78c812f40c0;6c
validation,20261009,quadratic,0,256,137,0,1,137,0,0,0,4131,8192,5.9500000000000003e-05,256,8192,8192,8192,0,0,1114b;0;0
validation,20261009,quadratic,0,1024,137,0,1,137,0,0,0,4061,8192,0.00033030000000000001,1024,8192,8192,8192,0.0019830999999999998,16710251,1114b;0;0
validation,20261009,quadratic,1,64,137,0,1,64,0,0,0,6169,8192,5.4999999999999999e-06,64,4105,0,0,0,0,0;2d3f0e008a5f80b0;50
validation,20261009,quadratic,1,256,137,0,1,137,0,0,0,6169,8192,6.0300000000000002e-05,256,8192,8192,8192,0,0,20000;0;0
validation,20261009,quadratic,1,1024,137,0,1,137,0,0,0,6169,8192,0.00029940000000000001,1024,8192,8192,8192,0.0019269000000000001,8211508,20000;0;0
validation,20261009,quadratic,2,64,137,0,1,64,0,0,0,4052,8192,5.8000000000000004e-06,64,4109,0,0,0,0,0;a867249cd96e1060;c7
validation,20261009,quadratic,2,256,137,0,1,137,0,0,0,4052,8192,5.9899999999999999e-05,256,8192,8192,8192,0,0,100060000;0;0
validation,20261009,quadratic,2,1024,137,0,1,137,0,0,0,4052,8192,0.00029970000000000002,1024,8192,8192,8192,0.0019735,16610015,100060000;0;0
validation,20261009,quadratic,3,64,137,0,1,64,0,0,0,4173,8192,6.0000000000000002e-06,64,4087,0,0,0,0,0;516affa1c172d050;145
validation,20261009,quadratic,3,256,137,0,1,137,0,0,0,4019,8192,6.0900000000000003e-05,256,8192,8192,8192,0,0,60004;0;0
validation,20261009,quadratic,3,1024,137,0,1,137,0,0,0,4019,8192,0.00030390000000000001,1024,8192,8192,8192,0.0019664999999999999,16540523,60004;0;0
validation,20261009,quadratic,4,64,137,0,1,64,0,0,0,4099,8192,5.4999999999999999e-06,64,4061,0,0,0,0,0;7d325a8774840090;14b
validation,20261009,quadratic,4,256,137,0,1,137,58,0,0,4099,8192,6.0699999999999998e-05,,,,,,,
validation,20261009,quadratic,4,1024,137,0,1,137,442,0,0,4099,8192,0.00029920000000000001,,,,,,,
validation,20261009,quadratic,5,64,137,0,1,64,0,0,0,3564,8192,5.1000000000000003e-06,64,4062,0,0,0,0,0;a9b4af5fa542d040;107
validation,20261009,quadratic,5,256,137,0,1,137,68,0,0,4628,8192,5.8900000000000002e-05,,,,,,,
validation,20261009,quadratic,5,1024,137,0,1,137,458,0,0,4628,8192,0.0003057,,,,,,,
validation,20261009,cubic,0,64,697,0,1,64,0,0,0,4131,8192,3.9999999999999998e-06,64,4075,0,0,0,0,0;0;0;0;400000;0;0;0;200000000;8000000008000080;622597faf0d141
validation,20261009,cubic,0,256,697,0,1,256,0,0,0,4131,8192,7.1899999999999999e-05,256,4056,0,0,0,0,0;0;0;0;400000;0;0;768d44f200686eb8;ed5b88967bc998cc;88da9daf1a0afd7e;77cd978c340453
validation,20261009,cubic,0,1024,697,0,1,697,0,0,0,4061,8192,0.0014496999999999999,1024,8192,8192,8192,0.0053118999999999996,16710251,1114b;0;0;0;0;0;0;0;0;0;0
validation,20261009,cubic,1,64,697,0,1,64,0,0,0,6169,8192,4.0999999999999997e-06,64,4504,0,0,0,0,0;0;0;0;400000;0;0;800000;0;1400001108000000;140344f699cd000
validation,20261009,cubic,1,256,697,0,1,256,0,0,0,6169,8192,0.00012300000000000001,256,4180,0,0,0,0,0;0;0;0;1000000400000;0;8000000000000000;5d054fa13039eb2e;5989f9d583231171;370134c635ecaaa3;1d848b994d90c8e
validation,20261009,cubic,1,1024,697,0,1,697,0,0,0,6169,8192,0.0014664000000000001,1024,8192,8192,8192,0.0053385999999999998,8211508,20000;0;0;0;0;0;0;0;0;0;0
validation,20261009,cubic,2,64,697,0,1,64,0,0,0,4052,8192,3.9999999999999998e-06,64,4188,0,0,0,0,0;0;0;0;400000;0;100000000;0;0;8403001300000080;f870ecaddc0040
validation,20261009,cubic,2,256,697,0,1,256,0,0,0,4052,8192,7.2700000000000005e-05,256,4052,0,0,0,0,0;0;0;0;1000000400000;1100;2000000100000000;58c658b7d87d64ae;cbb32f6d10439992;4c1f2ec614831271;1ce2cb7e73cd265
validation,20261009,cubic,2,1024,697,0,1,697,0,0,0,4052,8192,0.0014239999999999999,1024,8192,8192,8192,0.0056051,16610015,100060000;0;0;0;0;0;0;0;0;0;0
validation,20261009,cubic,3,64,697,0,1,64,0,0,0,4173,8192,4.5000000000000001e-06,64,4059,0,0,0,0,0;0;0;0;0;0;100000000;800000;0;4403000208000080;b24c63fe185041
validation,20261009,cubic,3,256,697,0,1,256,0,0,0,4019,8192,7.6000000000000004e-05,256,4033,0,0,0,0,0;0;0;0;0;1100;a000000100000000;8ccdbdb6961781be;7b4a9e2c2564193a;7d4ff788dcef97e4;151ce0ede4f3252
validation,20261009,cubic,3,1024,697,0,1,697,0,0,0,4019,8192,0.0014407999999999999,1024,8192,8192,8192,0.0052091999999999998,16540523,60004;0;0;0;0;0;0;0;0;0;0
validation,20261009,cubic,4,64,697,0,1,64,0,0,0,4099,8192,4.1999999999999996e-06,64,4155,0,0,0,0,0;0;0;0;400000;0;80000000000;800000;100200000000;401080000000000;f58c365ff04000
validation,20261009,cubic,4,256,697,0,1,256,0,0,0,4099,8192,7.2100000000000004e-05,256,4040,0,0,0,0,0;0;0;0;400000;100;80000000000;80eec79c5cec7254;823d37224a62c0a7;e5589888b9dbb87;10b5786f2989e17
validation,20261009,cubic,4,1024,697,0,1,697,0,0,0,4099,8192,0.0014185999999999999,1024,8192,8192,8192,0.0051174999999999997,16894004,400000048;0;1000000400;0;0;0;0;0;0;0;0
validation,20261009,cubic,5,64,697,0,1,64,0,0,0,3564,8192,4.0999999999999997e-06,64,4175,0,0,0,0,0;0;0;0;0;0;100000000;0;0;1002000308000080;17d7f43b8904040
validation,20261009,cubic,5,256,697,0,1,256,0,0,0,4628,8192,7.5799999999999999e-05,256,4069,0,0,0,0,0;0;0;0;0;0;8000000100000000;1cdd7d5f9a77cf62;c46ddc95550d41a9;a781d41382851c36;1b412cf0cc1ba79
validation,20261009,cubic,5,1024,697,0,1,697,161,0,0,4628,8192,0.0014273999999999999,,,,,,,
validation,314159265,linear,0,64,17,0,1,17,0,0,0,4118,8192,4.1999999999999996e-06,64,8192,8192,8192,0,0,1114b
validation,314159265,linear,0,256,17,0,1,17,0,0,0,4074,8192,1.5e-05,256,8192,8192,8192,0,0,1114b
validation,314159265,linear,0,1024,17,0,1,17,0,0,0,4118,8192,6.3e-05,1024,8192,8192,8192,0.00060990000000000003,16726312,1114b
validation,314159265,linear,1,64,17,0,1,17,19,0,0,6136,8192,3.5999999999999998e-06,,,,,,,
validation,314159265,linear,1,256,17,0,1,17,110,0,0,6136,8192,1.5e-05,,,,,,,
validation,314159265,linear,1,1024,17,0,1,17,491,0,0,6136,8192,6.0300000000000002e-05,,,,,,,
validation,314159265,linear,2,64,17,0,1,17,17,0,0,4078,8192,3.4999999999999999e-06,,,,,,,
validation,314159265,linear,2,256,17,0,1,17,125,0,0,4078,8192,1.49e-05,,,,,,,
validation,314159265,linear,2,1024,17,0,1,17,495,0,0,4114,8192,6.0699999999999998e-05,,,,,,,
validation,314159265,linear,3,64,17,0,1,17,21,0,0,4047,8192,3.8e-06,,,,,,,
validation,314159265,linear,3,256,17,0,1,17,122,0,0,4047,8192,1.5500000000000001e-05,,,,,,,
validation,314159265,linear,3,1024,17,0,1,17,506,0,0,4047,8192,6.41e-05,,,,,,,
validation,314159265,linear,4,64,17,0,1,17,28,0,0,4142,8192,3.4999999999999999e-06,,,,,,,
validation,314159265,linear,4,256,17,0,1,17,130,0,0,4050,8192,1.47e-05,,,,,,,
validation,314159265,linear,4,1024,17,0,1,17,533,0,0,4142,8192,6.0099999999999997e-05,,,,,,,
validation,314159265,linear,5,64,17,0,1,17,18,0,0,4613,8192,3.4000000000000001e-06,,,,,,,
validation,314159265,linear,5,256,17,0,1,17,112,0,0,4613,8192,1.4800000000000001e-05,,,,,,,
validation,314159265,linear,5,1024,17,0,1,17,496,0,0,4613,8192,6.0000000000000002e-05,,,,,,,
validation,314159265,linear,0,1024,17,100,1,17,11,11,11,4074,8192,6.05e-05,,,,,,,
validation,314159265,linear,0,1024,17,100,5,17,0,50,0,4118,8192,8.9499999999999994e-05,1024,8192,8192,8192,0,0,1114b
validation,314159265,linear,0,1024,17,500,1,17,54,54,54,4118,8192,6.0399999999999998e-05,,,,,,,
validation,314159265,linear,0,1024,17,500,5,17,0,246,0,4118,8192,8.3599999999999999e-05,1024,8192,8192,8192,0,0,1114b
validation,314159265,reservoir,0,64,65,0,1,17,0,0,0,4118,8192,4.6999999999999999e-06,64,8192,8192,8192,0,0,3c92000000000000;1
validation,314159265,reservoir,0,256,65,0,1,17,0,0,0,4074,8192,1.9000000000000001e-05,256,8192,8192,8192,0,0,3c92000000000000;1
validation,314159265,reservoir,0,1024,65,0,1,17,0,0,0,4118,8192,7.8100000000000001e-05,1024,8192,8192,8192,0.00078989999999999996,16726312,3c92000000000000;1
validation,314159265,reservoir,1,64,65,0,1,17,19,0,0,6136,8192,4.8999999999999997e-06,,,,,,,
validation,314159265,reservoir,1,256,65,0,1,17,110,0,0,6136,8192,1.91e-05,,,,,,,
validation,314159265,reservoir,1,1024,65,0,1,17,491,0,0,6136,8192,7.6600000000000005e-05,,,,,,,
validation,314159265,reservoir,2,64,65,0,1,17,17,0,0,4078,8192,4.1999999999999996e-06,,,,,,,
validation,314159265,reservoir,2,256,65,0,1,17,125,0,0,4078,8192,1.8600000000000001e-05,,,,,,,
validation,314159265,reservoir,2,1024,65,0,1,17,495,0,0,4114,8192,7.5699999999999997e-05,,,,,,,
validation,314159265,reservoir,3,64,65,0,1,17,21,0,0,4047,8192,4.6e-06,,,,,,,
validation,314159265,reservoir,3,256,65,0,1,17,122,0,0,4047,8192,1.95e-05,,,,,,,
validation,314159265,reservoir,3,1024,65,0,1,17,506,0,0,4047,8192,7.9400000000000006e-05,,,,,,,
validation,314159265,reservoir,4,64,65,0,1,17,28,0,0,4142,8192,4.1999999999999996e-06,,,,,,,
validation,314159265,reservoir,4,256,65,0,1,17,130,0,0,4050,8192,1.84e-05,,,,,,,
validation,314159265,reservoir,4,1024,65,0,1,17,533,0,0,4142,8192,7.5300000000000001e-05,,,,,,,
validation,314159265,reservoir,5,64,65,0,1,17,18,0,0,4613,8192,4.1999999999999996e-06,,,,,,,
validation,314159265,reservoir,5,256,65,0,1,17,112,0,0,4613,8192,1.8300000000000001e-05,,,,,,,
validation,314159265,reservoir,5,1024,65,0,1,17,496,0,0,4613,8192,7.5300000000000001e-05,,,,,,,
validation,314159265,quadratic,0,64,137,0,1,64,0,0,0,4118,8192,5.6999999999999996e-06,64,4140,0,0,0,0,0;b97c5486b268000;95
validation,314159265,quadratic,0,256,137,0,1,137,0,0,0,4074,8192,5.9799999999999997e-05,256,8192,8192,8192,0,0,1114b;0;0
validation,314159265,quadratic,0,1024,137,0,1,137,0,0,0,4118,8192,0.00031770000000000002,1024,8192,8192,8192,0.0019762,16726312,1114b;0;0
validation,314159265,quadratic,1,64,137,0,1,64,0,0,0,6136,8192,5.9000000000000003e-06,64,4040,0,0,0,0,0;286b248808fd2420;1e3
validation,314159265,quadratic,1,256,137,0,1,137,0,0,0,6136,8192,5.9700000000000001e-05,256,8192,8192,8192,0,0,20000;0;0
validation,314159265,quadratic,1,1024,137,0,1,137,0,0,0,6136,8192,0.00030309999999999999,1024,8192,8192,8192,0.0020064000000000002,8382128,20000;0;0
validation,314159265,quadratic,2,64,137,0,1,64,0,0,0,4078,8192,5.9000000000000003e-06,64,4100,0,0,0,0,0;ae2f25ebe6de7400;1cd
validation,314159265,quadratic,2,256,137,0,1,137,0,0,0,4078,8192,6.0000000000000002e-05,256,8192,8192,8192,0,0,100060000;0;0
validation,314159265,quadratic,2,1024,137,0,1,137,0,0,0,4114,8192,0.00031,1024,8192,8192,8192,0.0020371,16670770,100060000;0;0
validation,314159265,quadratic,3,64,137,0,1,64,0,0,0,4047,8192,6.1999999999999999e-06,64,4111,0,0,0,0,0;c581d99b9cc2d800;ad
validation,314159265,quadratic,3,256,137,0,1,137,0,0,0,4047,8192,6.1500000000000004e-05,256,8192,8192,8192,0,0,60004;0;0
validation,314159265,quadratic,3,1024,137,0,1,137,0,0,0,4047,8192,0.00031050000000000001,1024,8192,8192,8192,0.0019846,16755330,60004;0;0
validation,314159265,quadratic,4,64,137,0,1,64,0,0,0,4142,8192,5.8000000000000004e-06,64,4105,0,0,0,0,0;ae7bef46fbcf5820;11c
validation,314159265,quadratic,4,256,137,0,1,137,55,0,0,4050,8192,5.9899999999999999e-05,,,,,,,
validation,314159265,quadratic,4,1024,137,0,1,137,466,0,0,4142,8192,0.00030830000000000001,,,,,,,
validation,314159265,quadratic,5,64,137,0,1,64,0,0,0,4613,8192,5.3000000000000001e-06,64,4208,0,0,0,0,0;aa02125fa054fc00;122
validation,314159265,quadratic,5,256,137,0,1,137,59,0,0,4613,8192,6.02e-05,,,,,,,
validation,314159265,quadratic,5,1024,137,0,1,137,445,0,0,4613,8192,0.00033050000000000001,,,,,,,
validation,314159265,cubic,0,64,697,0,1,64,0,0,0,4118,8192,3.9999999999999998e-06,64,4031,0,0,0,0,0;0;0;0;0;400000000000000;4000000000000000;0;0;4000000000000000;1f506ba97a32420
validation,314159265,cubic,0,256,697,0,1,256,0,0,0,4074,8192,6.5300000000000002e-05,256,4038,0,0,0,0,0;0;10;0;0;404000000001000;4000000000000000;f9609c6f48132244;8d3eb82302172679;f66cd9322486f2ac;57f5f10361e571
validation,314159265,cubic,0,1024,697,0,1,697,0,0,0,4118,8192,0.0014912,1024,8192,8192,8192,0.0054032999999999998,16726312,1114b;0;0;0;0;0;0;0;0;0;0
validation,314159265,cubic,1,64,697,0,1,64,0,0,0,6136,8192,4.0999999999999997e-06,64,4396,0,0,0,0,0;0;0;0;0;0;4000040000000000;0;4000100400000000;6100000000000000;b09ca8bed48401
validation,314159265,cubic,1,256,697,0,1,256,0,0,0,6136,8192,6.4800000000000003e-05,256,4156,0,0,0,0,0;0;0;0;100;4000000000800;40000000000;23a124613644e4c8;9c69e5df69eee1ff;56b30d0b7a33162d;1639474aa1d3eeb
validation,314159265,cubic,1,1024,697,0,1,697,0,0,0,6136,8192,0.0013799999999999999,1024,8192,8192,8192,0.0050577,8382128,20000;0;0;0;0;0;0;0;0;0;0
validation,314159265,cubic,2,64,697,0,1,64,0,0,0,4078,8192,4.1999999999999996e-06,64,4179,0,0,0,0,0;0;0;0;0;400000000000000;4000040000001000;0;4000100000000000;4004000000000000;b41ec7c3b18441
validation,314159265,cubic,2,256,697,0,1,256,0,0,0,4078,8192,6.4800000000000003e-05,256,4051,0,0,0,0,0;0;0;0;100;400000000000000;80040001001000;cdc80268803a52c0;e8b24bf547f1e265;54690c1e9dfea07c;8d8eea7f23f67f
validation,314159265,cubic,2,1024,697,0,1,697,0,0,0,4114,8192,0.0013738999999999999,1024,8192,8192,8192,0.0053419000000000001,16670770,100060000;0;0;0;0;0;0;0;0;0;0
validation,314159265,cubic,3,64,697,0,1,64,0,0,0,4047,8192,4.3000000000000003e-06,64,4132,0,0,0,0,0;0;0;0;0;400000000000000;40000001000;8000000000;4000000400000000;5000000000000000;de8d754712100
validation,314159265,cubic,3,256,697,0,1,256,0,0,0,4047,8192,7.2100000000000004e-05,256,4056,0,0,0,0,0;0;0;0;0;400000000000800;80040000001000;49ed93909d1ebb0c;40dc5227e6d89592;2bb7e6a9908d0b4c;1745fdae85cfa04
validation,314159265,cubic,3,1024,697,0,1,697,0,0,0,4047,8192,0.0013619999999999999,1024,8192,8192,8192,0.0051865000000000001,16755330,60004;0;0;0;0;0;0;0;0;0;0
validation,314159265,cubic,4,64,697,0,1,64,0,0,0,4142,8192,4.6e-06,64,4126,0,0,0,0,0;0;0;0;0;400000000000000;4000040000001000;8000000000;100000000000;6100000000000080;efb4925fa0a140
validation,314159265,cubic,4,256,697,0,1,256,0,0,0,4050,8192,6.4900000000000005e-05,256,4137,0,0,0,0,0;0;0;0;100;404000000001800;80040000001000;2a97bac5bec8b1c8;c315f2ff84b86f21;f2d53046d6ac5d14;156e35b2a19444b
validation,314159265,cubic,4,1024,697,0,1,697,0,0,0,4142,8192,0.0013767,1024,8192,8192,8192,0.0052050999999999998,16876762,400000048;0;1000000400;0;0;0;0;0;0;0;0
validation,314159265,cubic,5,64,697,0,1,64,0,0,0,4613,8192,4.0999999999999997e-06,64,4290,0,0,0,0,0;0;0;0;0;0;40000000000;0;4000000400000000;7100000010000000;175927415432420
validation,314159265,cubic,5,256,697,0,1,256,0,0,0,4613,8192,6.58e-05,256,4189,0,0,0,0,0;0;0;0;0;4000000001000;40000000000;44e5f3309cac208;efc8c41bc3f5024a;62a8723917e0ef58;22dea41bd4da87
validation,314159265,cubic,5,1024,697,0,1,697,171,0,0,4613,8192,0.0013507,,,,,,,
validation,2718281828,linear,0,64,17,0,1,17,0,0,0,4086,8192,3.9999999999999998e-06,64,8192,8192,8192,0,0,1114b
validation,2718281828,linear,0,256,17,0,1,17,0,0,0,4086,8192,1.5099999999999999e-05,256,8192,8192,8192,0,0,1114b
validation,2718281828,linear,0,1024,17,0,1,17,0,0,0,4086,8192,6.05e-05,1024,8192,8192,8192,0.00061180000000000002,16825631,1114b
validation,2718281828,linear,1,64,17,0,1,17,23,0,0,6212,8192,3.8999999999999999e-06,,,,,,,
validation,2718281828,linear,1,256,17,0,1,17,129,0,0,6212,8192,1.5099999999999999e-05,,,,,,,
validation,2718281828,linear,1,1024,17,0,1,17,526,0,0,6212,8192,6.02e-05,,,,,,,
validation,2718281828,linear,2,64,17,0,1,17,25,0,0,4100,8192,3.8e-06,,,,,,,
validation,2718281828,linear,2,256,17,0,1,17,121,0,0,4100,8192,1.5e-05,,,,,,,
validation,2718281828,linear,2,1024,17,0,1,17,518,0,0,4100,8192,6.0800000000000001e-05,,,,,,,
validation,2718281828,linear,3,64,17,0,1,17,22,0,0,4108,8192,4.0999999999999997e-06,,,,,,,
validation,2718281828,linear,3,256,17,0,1,17,108,0,0,4108,8192,1.5699999999999999e-05,,,,,,,
validation,2718281828,linear,3,1024,17,0,1,17,500,0,0,4108,8192,6.4300000000000004e-05,,,,,,,
validation,2718281828,linear,4,64,17,0,1,17,24,0,0,4084,8192,3.8999999999999999e-06,,,,,,,
validation,2718281828,linear,4,256,17,0,1,17,115,0,0,4108,8192,1.4800000000000001e-05,,,,,,,
validation,2718281828,linear,4,1024,17,0,1,17,510,0,0,4084,8192,6.0300000000000002e-05,,,,,,,
validation,2718281828,linear,5,64,17,0,1,17,22,0,0,4654,8192,3.4999999999999999e-06,,,,,,,
validation,2718281828,linear,5,256,17,0,1,17,117,0,0,4654,8192,1.4600000000000001e-05,,,,,,,
validation,2718281828,linear,5,1024,17,0,1,17,501,0,0,4654,8192,6.0099999999999997e-05,,,,,,,
validation,2718281828,linear,0,1024,17,100,1,17,9,9,9,4086,8192,6.0699999999999998e-05,,,,,,,
validation,2718281828,linear,0,1024,17,100,5,17,1,56,1,4086,8192,9.0400000000000002e-05,,,,,,,
validation,2718281828,linear,0,1024,17,500,1,17,42,42,42,4086,8192,6.0600000000000003e-05,,,,,,,
validation,2718281828,linear,0,1024,17,500,5,17,1,257,1,4086,8192,8.1799999999999996e-05,,,,,,,
validation,2718281828,reservoir,0,64,65,0,1,17,0,0,0,4086,8192,5.0000000000000004e-06,64,8192,8192,8192,0,0,3c92000000000000;1
validation,2718281828,reservoir,0,256,65,0,1,17,0,0,0,4086,8192,1.9000000000000001e-05,256,8192,8192,8192,0,0,3c92000000000000;1
validation,2718281828,reservoir,0,1024,65,0,1,17,0,0,0,4086,8192,7.6699999999999994e-05,1024,8192,8192,8192,0.00070339999999999997,16825631,3c92000000000000;1
validation,2718281828,reservoir,1,64,65,0,1,17,23,0,0,6212,8192,6.0000000000000002e-06,,,,,,,
validation,2718281828,reservoir,1,256,65,0,1,17,129,0,0,6212,8192,2.2500000000000001e-05,,,,,,,
validation,2718281828,reservoir,1,1024,65,0,1,17,526,0,0,6212,8192,9.0600000000000007e-05,,,,,,,
validation,2718281828,reservoir,2,64,65,0,1,17,25,0,0,4100,8192,5.4999999999999999e-06,,,,,,,
validation,2718281828,reservoir,2,256,65,0,1,17,121,0,0,4100,8192,2.26e-05,,,,,,,
validation,2718281828,reservoir,2,1024,65,0,1,17,518,0,0,4100,8192,9.0000000000000006e-05,,,,,,,
validation,2718281828,reservoir,3,64,65,0,1,17,22,0,0,4108,8192,5.6999999999999996e-06,,,,,,,
validation,2718281828,reservoir,3,256,65,0,1,17,108,0,0,4108,8192,2.3300000000000001e-05,,,,,,,
validation,2718281828,reservoir,3,1024,65,0,1,17,500,0,0,4108,8192,9.3900000000000006e-05,,,,,,,
validation,2718281828,reservoir,4,64,65,0,1,17,24,0,0,4084,8192,5.4999999999999999e-06,,,,,,,
validation,2718281828,reservoir,4,256,65,0,1,17,115,0,0,4108,8192,2.23e-05,,,,,,,
validation,2718281828,reservoir,4,1024,65,0,1,17,510,0,0,4084,8192,8.9699999999999998e-05,,,,,,,
validation,2718281828,reservoir,5,64,65,0,1,17,22,0,0,4654,8192,5.2000000000000002e-06,,,,,,,
validation,2718281828,reservoir,5,256,65,0,1,17,117,0,0,4654,8192,2.2200000000000001e-05,,,,,,,
validation,2718281828,reservoir,5,1024,65,0,1,17,501,0,0,4654,8192,8.9699999999999998e-05,,,,,,,
validation,2718281828,quadratic,0,64,137,0,1,64,0,0,0,4086,8192,5.9000000000000003e-06,64,4117,0,0,0,0,0;dff01b7ecfd7d0c0;1f7
validation,2718281828,quadratic,0,256,137,0,1,137,0,0,0,4086,8192,5.9899999999999999e-05,256,8192,8192,8192,0,0,1114b;0;0
validation,2718281828,quadratic,0,1024,137,0,1,137,0,0,0,4086,8192,0.00030640000000000002,1024,8192,8192,8192,0.0020084,16825631,1114b;0;0
validation,2718281828,quadratic,1,64,137,0,1,64,0,0,0,6212,8192,6.2999999999999998e-06,64,4068,0,0,0,0,0;9c9d5a5623d4b040;b3
validation,2718281828,quadratic,1,256,137,0,1,137,0,0,0,6212,8192,6.86e-05,256,8192,8192,8192,0,0,20000;0;0
validation,2718281828,quadratic,1,1024,137,0,1,137,0,0,0,6212,8192,0.0003056,1024,8192,8192,8192,0.0019212999999999999,8009313,20000;0;0
validation,2718281828,quadratic,2,64,137,0,1,64,0,0,0,4100,8192,5.8000000000000004e-06,64,4048,0,0,0,0,0;9697a664e48d10c0;25
validation,2718281828,quadratic,2,256,137,0,1,137,0,0,0,4100,8192,6.6099999999999994e-05,256,8192,8192,8192,0,0,100060000;0;0
validation,2718281828,quadratic,2,1024,137,0,1,137,0,0,0,4100,8192,0.0003414,1024,8192,8192,8192,0.0019281999999999999,16828683,100060000;0;0
validation,2718281828,quadratic,3,64,137,0,1,64,0,0,0,4108,8192,6.2999999999999998e-06,64,4069,0,0,0,0,0;dfe7d461bed1e0c0;1e4
validation,2718281828,quadratic,3,256,137,0,1,137,0,0,0,4108,8192,6.1699999999999995e-05,256,8192,8192,8192,0,0,60004;0;0
validation,2718281828,quadratic,3,1024,137,0,1,137,0,0,0,4108,8192,0.00030810000000000001,1024,8192,8192,8192,0.0019643999999999998,16941553,60004;0;0
validation,2718281828,quadratic,4,64,137,0,1,64,0,0,0,4084,8192,6.1e-06,64,4128,0,0,0,0,0;fbee2be7b2702240;27
validation,2718281828,quadratic,4,256,137,0,1,137,59,0,0,4108,8192,6.0099999999999997e-05,,,,,,,
validation,2718281828,quadratic,4,1024,137,0,1,137,449,0,0,4084,8192,0.00030529999999999999,,,,,,,
validation,2718281828,quadratic,5,64,137,0,1,64,0,0,0,4654,8192,5.4999999999999999e-06,64,4169,0,0,0,0,0;aa9c369c1d4b0280;14d
validation,2718281828,quadratic,5,256,137,0,1,137,54,0,0,4654,8192,5.9500000000000003e-05,,,,,,,
validation,2718281828,quadratic,5,1024,137,0,1,137,428,0,0,4654,8192,0.00030079999999999999,,,,,,,
validation,2718281828,cubic,0,64,697,0,1,64,0,0,0,4086,8192,4.5000000000000001e-06,64,4112,0,0,0,0,0;0;0;0;0;0;0;1000000400000;800000000000000;80000100000080;21f82ec4e0154c
validation,2718281828,cubic,0,256,697,0,1,256,0,0,0,4086,8192,6.8700000000000003e-05,256,4092,0,0,0,0,0;0;10;80200000000000;0;0;8000020000;8cbe05583d819fc2;805768628d551938;a47addb5563ebe0;c5317ff602413a
validation,2718281828,cubic,0,1024,697,0,1,697,0,0,0,4086,8192,0.0014296999999999999,1024,8192,8192,8192,0.0052180000000000004,16825631,1114b;0;0;0;0;0;0;0;0;0;0
validation,2718281828,cubic,1,64,697,0,1,64,0,0,0,6212,8192,4.5000000000000001e-06,64,4473,0,0,0,0,0;0;0;0;0;0;0;400000;20000000;4200000100000080;1ed1231a2b40500
validation,2718281828,cubic,1,256,697,0,1,256,0,0,0,6212,8192,6.7500000000000001e-05,256,4097,0,0,0,0,0;0;0;80a00000000000;0;200;0;926f8b4b269fef4a;e546d139bd678483;a5dec44016ec3a44;122bb6dcc910844
validation,2718281828,cubic,1,1024,697,0,1,697,0,0,0,6212,8192,0.0013694,1024,8192,8192,8192,0.0052205999999999997,8009313,20000;0;0;0;0;0;0;0;0;0;0
validation,2718281828,cubic,2,64,697,0,1,64,0,0,0,4100,8192,4.1999999999999996e-06,64,4106,0,0,0,0,0;0;0;0;0;0;0;1000000400000;800000000000000;200000000000080;146145b21b04400
validation,2718281828,cubic,2,256,697,0,1,256,0,0,0,4100,8192,7.3100000000000001e-05,256,4125,0,0,0,0,0;0;0;80200000000000;0;200;0;8f00812c86d70fa5;77602fe0e9ffceaa;9e3404066ad3f99c;211ca7cccb6e89
validation,2718281828,cubic,2,1024,697,0,1,697,0,0,0,4100,8192,0.001382,1024,8192,8192,8192,0.0052624999999999998,16828683,100060000;0;0;0;0;0;0;0;0;0;0
validation,2718281828,cubic,3,64,697,0,1,64,0,0,0,4108,8192,4.6e-06,64,4106,0,0,0,0,0;0;0;0;0;0;0;1000000400000;0;4000000200000000;a414a6a47bb04c
validation,2718281828,cubic,3,256,697,0,1,256,0,0,0,4108,8192,6.9800000000000003e-05,256,4048,0,0,0,0,0;0;0;80200000000000;10000000;200;8000000000;8b76a1f657b678ee;6816ccccf315168d;9031d521118ae65c;4fc942db1086a8
validation,2718281828,cubic,3,1024,697,0,1,697,0,0,0,4108,8192,0.0013747,1024,8192,8192,8192,0.0053981999999999997,16941553,60004;0;0;0;0;0;0;0;0;0;0
validation,2718281828,cubic,4,64,697,0,1,64,0,0,0,4084,8192,4.6e-06,64,4079,0,0,0,0,0;0;0;0;0;0;0;400000;800000020000000;4080000300000081;e0cd4e9a38840
validation,2718281828,cubic,4,256,697,0,1,256,0,0,0,4108,8192,6.8899999999999994e-05,256,4089,0,0,0,0,0;0;0;80000000000000;10000000;200;8000020000;df01a103b4243de1;5f91c6d98caa3df7;bba5e27054b2effb;cd75d30af3a6e
validation,2718281828,cubic,4,1024,697,0,1,697,0,0,0,4084,8192,0.0014224000000000001,1024,8192,8192,8192,0.0051072000000000001,16740857,400000048;0;1000000400;0;0;0;0;0;0;0;0
validation,2718281828,cubic,5,64,697,0,1,64,0,0,0,4654,8192,4.1999999999999996e-06,64,4290,0,0,0,0,0;0;0;0;0;0;0;1000000000000;800000000000000;4000001200000001;1bf62d44e725108
validation,2718281828,cubic,5,256,697,0,1,256,0,0,0,4654,8192,6.8800000000000005e-05,256,4142,0,0,0,0,0;0;0;0;0;0;0;84eda4643ee3b664;bd8a2dfe1772c491;f77bc8ce97b9e79d;17d2e986003a119
validation,2718281828,cubic,5,1024,697,0,1,697,174,0,0,4654,8192,0.0013933999999999999,,,,,,,
validation,18446744073709551615,linear,0,64,17,0,1,17,0,0,0,4104,8192,4.7999999999999998e-06,64,8192,8192,8192,0,0,1114b
validation,18446744073709551615,linear,0,256,17,0,1,17,0,0,0,4104,8192,1.8700000000000001e-05,256,8192,8192,8192,0,0,1114b
validation,18446744073709551615,linear,0,1024,17,0,1,17,0,0,0,4088,8192,7.6799999999999997e-05,1024,8192,8192,8192,0.00073669999999999996,16645818,1114b
validation,18446744073709551615,linear,1,64,17,0,1,17,24,0,0,6098,8192,4.8999999999999997e-06,,,,,,,
validation,18446744073709551615,linear,1,256,17,0,1,17,121,0,0,6098,8192,1.88e-05,,,,,,,
validation,18446744073709551615,linear,1,1024,17,0,1,17,515,0,0,6098,8192,7.6799999999999997e-05,,,,,,,
validation,18446744073709551615,linear,2,64,17,0,1,17,26,0,0,4035,8192,4.6e-06,,,,,,,
validation,18446744073709551615,linear,2,256,17,0,1,17,125,0,0,4157,8192,1.8600000000000001e-05,,,,,,,
validation,18446744073709551615,linear,2,1024,17,0,1,17,518,0,0,4035,8192,7.6500000000000003e-05,,,,,,,
validation,18446744073709551615,linear,3,64,17,0,1,17,21,0,0,4065,8192,4.7999999999999998e-06,,,,,,,
validation,18446744073709551615,linear,3,256,17,0,1,17,128,0,0,4065,8192,1.9400000000000001e-05,,,,,,,
validation,18446744073709551615,linear,3,1024,17,0,1,17,496,0,0,4127,8192,7.9800000000000002e-05,,,,,,,
validation,18446744073709551615,linear,4,64,17,0,1,17,27,0,0,4106,8192,4.6e-06,,,,,,,
validation,18446744073709551615,linear,4,256,17,0,1,17,115,0,0,4106,8192,1.8499999999999999e-05,,,,,,,
validation,18446744073709551615,linear,4,1024,17,0,1,17,472,0,0,4106,8192,7.6100000000000007e-05,,,,,,,
validation,18446744073709551615,linear,5,64,17,0,1,17,24,0,0,3581,8192,4.4000000000000002e-06,,,,,,,
validation,18446744073709551615,linear,5,256,17,0,1,17,107,0,0,4611,8192,1.8499999999999999e-05,,,,,,,
validation,18446744073709551615,linear,5,1024,17,0,1,17,511,0,0,4611,8192,7.6000000000000004e-05,,,,,,,
validation,18446744073709551615,linear,0,1024,17,100,1,17,9,9,9,4088,8192,7.6500000000000003e-05,,,,,,,
validation,18446744073709551615,linear,0,1024,17,100,5,17,0,48,0,4088,8192,0.000108,1024,8192,8192,8192,0,0,1114b
validation,18446744073709551615,linear,0,1024,17,500,1,17,45,45,45,4088,8192,7.6100000000000007e-05,,,,,,,
validation,18446744073709551615,linear,0,1024,17,500,5,17,1,241,1,4088,8192,0.000103,,,,,,,
validation,18446744073709551615,reservoir,0,64,65,0,1,17,0,0,0,4104,8192,5.5999999999999997e-06,64,8192,8192,8192,0,0,3c92000000000000;1
validation,18446744073709551615,reservoir,0,256,65,0,1,17,0,0,0,4104,8192,2.23e-05,256,8192,8192,8192,0,0,3c92000000000000;1
validation,18446744073709551615,reservoir,0,1024,65,0,1,17,0,0,0,4088,8192,8.9800000000000001e-05,1024,8192,8192,8192,0.00077459999999999996,16645818,3c92000000000000;1
validation,18446744073709551615,reservoir,1,64,65,0,1,17,24,0,0,6098,8192,5.3000000000000001e-06,,,,,,,
validation,18446744073709551615,reservoir,1,256,65,0,1,17,121,0,0,6098,8192,2.1999999999999999e-05,,,,,,,
validation,18446744073709551615,reservoir,1,1024,65,0,1,17,515,0,0,6098,8192,8.9599999999999996e-05,,,,,,,
validation,18446744073709551615,reservoir,2,64,65,0,1,17,26,0,0,4035,8192,5.0000000000000004e-06,,,,,,,
validation,18446744073709551615,reservoir,2,256,65,0,1,17,125,0,0,4157,8192,2.1800000000000001e-05,,,,,,,
validation,18446744073709551615,reservoir,2,1024,65,0,1,17,518,0,0,4035,8192,8.9300000000000002e-05,,,,,,,
validation,18446744073709551615,reservoir,3,64,65,0,1,17,21,0,0,4065,8192,5.5999999999999997e-06,,,,,,,
validation,18446744073709551615,reservoir,3,256,65,0,1,17,128,0,0,4065,8192,2.2900000000000001e-05,,,,,,,
validation,18446744073709551615,reservoir,3,1024,65,0,1,17,496,0,0,4127,8192,9.3900000000000006e-05,,,,,,,
validation,18446744073709551615,reservoir,4,64,65,0,1,17,27,0,0,4106,8192,5.3000000000000001e-06,,,,,,,
validation,18446744073709551615,reservoir,4,256,65,0,1,17,115,0,0,4106,8192,2.1999999999999999e-05,,,,,,,
validation,18446744073709551615,reservoir,4,1024,65,0,1,17,472,0,0,4106,8192,8.9699999999999998e-05,,,,,,,
validation,18446744073709551615,reservoir,5,64,65,0,1,17,24,0,0,3581,8192,5.0000000000000004e-06,,,,,,,
validation,18446744073709551615,reservoir,5,256,65,0,1,17,107,0,0,4611,8192,2.1699999999999999e-05,,,,,,,
validation,18446744073709551615,reservoir,5,1024,65,0,1,17,511,0,0,4611,8192,8.8900000000000006e-05,,,,,,,
validation,18446744073709551615,quadratic,0,64,137,0,1,64,0,0,0,4104,8192,6.3999999999999997e-06,64,4065,0,0,0,0,0;8222ef474a548800;132
validation,18446744073709551615,quadratic,0,256,137,0,1,137,0,0,0,4104,8192,6.2799999999999995e-05,256,8192,8192,8192,0,0,1114b;0;0
validation,18446744073709551615,quadratic,0,1024,137,0,1,137,0,0,0,4088,8192,0.0003144,1024,8192,8192,8192,0.0022138000000000001,16645818,1114b;0;0
validation,18446744073709551615,quadratic,1,64,137,0,1,64,0,0,0,6098,8192,6.1e-06,64,4197,0,0,0,0,0;32430d17d411c400;96
validation,18446744073709551615,quadratic,1,256,137,0,1,137,0,0,0,6098,8192,6.2600000000000004e-05,256,8192,8192,8192,0,0,20000;0;0
validation,18446744073709551615,quadratic,1,1024,137,0,1,137,0,0,0,6098,8192,0.00031799999999999998,1024,8192,8192,8192,0.0022594999999999998,8629709,20000;0;0
validation,18446744073709551615,quadratic,2,64,137,0,1,64,0,0,0,4035,8192,6.9999999999999999e-06,64,4098,0,0,0,0,0;b164effcf5b80200;68
validation,18446744073709551615,quadratic,2,256,137,0,1,137,0,0,0,4157,8192,6.6500000000000004e-05,256,8192,8192,8192,0,0,100060000;0;0
validation,18446744073709551615,quadratic,2,1024,137,0,1,137,0,0,0,4035,8192,0.00033320000000000002,1024,8192,8192,8192,0.0022764999999999999,17064010,100060000;0;0
validation,18446744073709551615,quadratic,3,64,137,0,1,64,0,0,0,4065,8192,7.4000000000000003e-06,64,4057,0,0,0,0,0;ca49c5c29c6cc400;10b
validation,18446744073709551615,quadratic,3,256,137,0,1,137,0,0,0,4065,8192,6.9499999999999995e-05,256,8192,8192,8192,0,0,60004;0;0
validation,18446744073709551615,quadratic,3,1024,137,0,1,137,0,0,0,4127,8192,0.00034979999999999999,1024,8192,8192,8192,0.0024120000000000001,16665281,60004;0;0
validation,18446744073709551615,quadratic,4,64,137,0,1,64,0,0,0,4106,8192,6.9999999999999999e-06,64,4055,0,0,0,0,0;a8714c39c6a2400;0
validation,18446744073709551615,quadratic,4,256,137,0,1,137,59,0,0,4106,8192,6.5900000000000003e-05,,,,,,,
validation,18446744073709551615,quadratic,4,1024,137,0,1,137,422,0,0,4106,8192,0.00032870000000000002,,,,,,,
validation,18446744073709551615,quadratic,5,64,137,0,1,64,0,0,0,3581,8192,6.3999999999999997e-06,64,4058,0,0,0,0,0;a80157de960c4600;1fb
validation,18446744073709551615,quadratic,5,256,137,0,1,137,57,0,0,4611,8192,6.6500000000000004e-05,,,,,,,
validation,18446744073709551615,quadratic,5,1024,137,0,1,137,448,0,0,4611,8192,0.00033060000000000001,,,,,,,
validation,18446744073709551615,cubic,0,64,697,0,1,64,0,0,0,4104,8192,5.0000000000000004e-06,64,4070,0,0,0,0,0;0;0;0;0;0;0;0;4000800000000000;5500000000000000;72e1bca0974501
validation,18446744073709551615,cubic,0,256,697,0,1,256,0,0,0,4104,8192,7.7600000000000002e-05,256,4037,0,0,0,0,0;0;0;800;20000000000;0;c040000000000000;3b82e92b6bc808d0;15c0123e6a7040af;1177a2967fc2ce16;1a52ee084550c5c
validation,18446744073709551615,cubic,0,1024,697,0,1,697,0,0,0,4088,8192,0.0014587999999999999,1024,8192,8192,8192,0.0053394000000000002,16645818,1114b;0;0;0;0;0;0;0;0;0;0
validation,18446744073709551615,cubic,1,64,697,0,1,64,0,0,0,6098,8192,4.3000000000000003e-06,64,4624,0,0,0,0,0;0;0;0;0;0;0;0;4000800000000000;0;c5ce14a426230a
validation,18446744073709551615,cubic,1,256,697,0,1,256,0,0,0,6098,8192,7.25e-05,256,4209,0,0,0,0,0;0;0;800;20000000000;0;c000000000000000;79dc02464910ec93;9e5e466889cae573;ac5964712bf8441e;196b55c5038bb5e
validation,18446744073709551615,cubic,1,1024,697,0,1,697,0,0,0,6098,8192,0.0014963999999999999,1024,8192,8192,8192,0.0060901000000000002,8629709,20000;0;0;0;0;0;0;0;0;0;0
validation,18446744073709551615,cubic,2,64,697,0,1,64,0,0,0,4035,8192,5.0000000000000004e-06,64,4127,0,0,0,0,0;0;0;0;0;0;0;200000000000;4000800000000000;400000008000000;2d3ddc28a1b10a
validation,18446744073709551615,cubic,2,256,697,0,1,256,0,0,0,4157,8192,7.9400000000000006e-05,256,4095,0,0,0,0,0;0;0;0;20000000000;0;4840000000000000;e4924938d7db8058;bc45857c9c9bf9a5;9295b1e721c9f67;1715cbbfb61b39c
validation,18446744073709551615,cubic,2,1024,697,0,1,697,0,0,0,4035,8192,0.0014767999999999999,1024,8192,8192,8192,0.0060895999999999997,17064010,100060000;0;0;0;0;0;0;0;0;0;0
validation,18446744073709551615,cubic,3,64,697,0,1,64,0,0,0,4065,8192,4.6e-06,64,4083,0,0,0,0,0;0;0;0;0;0;0;200000000000;200;400000008040000;118d3b0a097af09
validation,18446744073709551615,cubic,3,256,697,0,1,256,0,0,0,4065,8192,7.8300000000000006e-05,256,4061,0,0,0,0,0;0;0;0;0;0;a040000000000000;de439c161b664b19;398613b9e8e4d950;a468bac8d38fa4ca;cfe80139fd940a
validation,18446744073709551615,cubic,3,1024,697,0,1,697,0,0,0,4127,8192,0.0014997000000000001,1024,8192,8192,8192,0.0064105999999999998,16665281,60004;0;0;0;0;0;0;0;0;0;0
validation,18446744073709551615,cubic,4,64,697,0,1,64,0,0,0,4106,8192,4.6e-06,64,4015,0,0,0,0,0;0;0;0;0;0;0;0;200;400000000000000;17e4bf220890441
validation,18446744073709551615,cubic,4,256,697,0,1,256,0,0,0,4106,8192,7.7100000000000004e-05,256,4063,0,0,0,0,0;0;0;0;0;0;6800000000000000;b6644be102da864e;233de6e7cc4d4f0b;295ae3e69a943ae9;a71260d9d58a7
validation,18446744073709551615,cubic,4,1024,697,0,1,697,0,0,0,4106,8192,0.0013845999999999999,1024,8192,8192,8192,0.0065034000000000003,16663060,400000048;0;1000000400;0;0;0;0;0;0;0;0
validation,18446744073709551615,cubic,5,64,697,0,1,64,0,0,0,3581,8192,4.7999999999999998e-06,64,4219,0,0,0,0,0;0;0;0;0;0;0;200000000000;4000800000000000;120000008060000;950d04aa02310a
validation,18446744073709551615,cubic,5,256,697,0,1,256,0,0,0,4611,8192,7.7700000000000005e-05,256,4174,0,0,0,0,0;0;0;0;0;0;840000000000000;71c8dbbc79047918;334deafa1327d2f2;552c8c9c5a679d;16b17586e68469c
validation,18446744073709551615,cubic,5,1024,697,0,1,697,169,0,0,4611,8192,0.0015191,,,,,,,
