group,seed,bits,sensors,horizon,unknown_mask,noise_bp,repeats,equations,rank,conflicts,raw_errors,voted_errors,initial_answered,initial_correct,initial_total,mask_answered,mask_correct,mask_total,full_answered,full_correct,full_total,sensor_answered,sensor_correct,sensor_total,solve_seconds
development,0,64,1,32,0,0,1,32,32,0,0,0,32,32,64,0,0,0,32,32,64,0,0,32,3.1e-06
development,0,64,1,64,0,0,1,64,64,0,0,0,64,64,64,0,0,0,64,64,64,32,32,32,4.5000000000000001e-06
development,0,64,4,16,0,0,1,64,64,0,0,0,64,64,64,0,0,0,64,64,64,128,128,128,3.0000000000000001e-06
development,0,64,16,4,0,0,1,64,64,0,0,0,64,64,64,0,0,0,64,64,64,512,512,512,1.9999999999999999e-06
development,0,64,64,1,0,0,1,64,64,0,0,0,64,64,64,0,0,0,64,64,64,2048,2048,2048,1.7e-06
development,0,64,1,64,1,0,1,64,64,0,0,0,1,1,64,0,0,64,0,0,64,0,0,32,1.1600000000000001e-05
development,0,64,1,128,1,0,1,128,65,0,0,0,1,1,64,0,0,64,1,1,64,32,32,32,2.37e-05
development,0,64,4,64,1,0,1,256,68,0,0,0,4,4,64,0,0,64,4,4,64,128,128,128,4.6300000000000001e-05
development,0,64,64,2,1,0,1,128,128,0,0,0,64,64,64,64,64,64,64,64,64,2048,2048,2048,3.5999999999999998e-06
development,0,256,1,128,0,0,1,128,128,0,0,0,128,128,256,0,0,0,128,128,256,0,0,32,1.5099999999999999e-05
development,0,256,1,256,0,0,1,256,256,0,0,0,256,256,256,0,0,0,256,256,256,32,32,32,5.1700000000000003e-05
development,0,256,4,64,0,0,1,256,256,0,0,0,256,256,256,0,0,0,256,256,256,128,128,128,1.9599999999999999e-05
development,0,256,16,16,0,0,1,256,256,0,0,0,256,256,256,0,0,0,256,256,256,512,512,512,1.2300000000000001e-05
development,0,256,256,1,0,0,1,256,256,0,0,0,256,256,256,0,0,0,256,256,256,8192,8192,8192,7.5000000000000002e-06
development,0,256,1,256,1,0,1,256,256,0,0,0,1,1,256,0,0,256,0,0,256,0,0,32,0.00023919999999999999
development,0,256,1,512,1,0,1,512,257,0,0,0,1,1,256,0,0,256,1,1,256,32,32,32,0.00050529999999999998
development,0,256,4,256,1,0,1,1024,260,0,0,0,4,4,256,0,0,256,4,4,256,128,128,128,0.00095350000000000003
development,0,256,256,2,1,0,1,512,512,0,0,0,256,256,256,256,256,256,256,256,256,8192,8192,8192,2.73e-05
development,0,1024,1,512,0,0,1,512,512,0,0,0,512,512,1024,0,0,0,512,512,1024,0,0,32,0.0001939
development,0,1024,1,1024,0,0,1,1024,1024,0,0,0,1024,1024,1024,0,0,0,1024,1024,1024,32,32,32,0.00069530000000000004
development,0,1024,4,256,0,0,1,1024,1024,0,0,0,1024,1024,1024,0,0,0,1024,1024,1024,128,128,128,0.00024820000000000002
development,0,1024,16,64,0,0,1,1024,1024,0,0,0,1024,1024,1024,0,0,0,1024,1024,1024,512,512,512,0.0001316
development,0,1024,1024,1,0,0,1,1024,1024,0,0,0,1024,1024,1024,0,0,0,1024,1024,1024,32768,32768,32768,7.4800000000000002e-05
development,0,1024,1,1024,1,0,1,1024,1024,0,0,0,1,1,1024,0,0,1024,0,0,1024,0,0,32,0.0055234000000000004
development,0,1024,1,2048,1,0,1,2048,1025,0,0,0,1,1,1024,0,0,1024,1,1,1024,32,32,32,0.0110755
development,0,1024,4,1024,1,0,1,4096,1028,0,0,0,4,4,1024,0,0,1024,4,4,1024,128,128,128,0.0225256
development,0,1024,1024,2,1,0,1,2048,2048,0,0,0,1024,1024,1024,1024,1024,1024,1024,1024,1024,32768,32768,32768,0.00026380000000000002
development,0,256,1,256,0,100,1,256,256,0,4,4,256,252,256,0,0,0,256,252,256,32,31,32,4.8199999999999999e-05
development,0,256,1,256,0,100,5,256,256,0,12,0,256,256,256,0,0,0,256,256,256,32,32,32,6.02e-05
development,0,256,1,256,0,500,1,256,256,0,10,10,256,246,256,0,0,0,256,246,256,32,31,32,4.9200000000000003e-05
development,0,256,1,256,0,500,5,256,256,0,54,0,256,256,256,0,0,0,256,256,256,32,32,32,5.5999999999999999e-05
development,0,256,1,1024,0,100,1,1024,256,19,11,11,0,0,256,0,0,0,0,0,256,0,0,32,0.00019120000000000001
development,0,256,1,1024,0,100,5,1024,256,0,65,0,256,256,256,0,0,0,256,256,256,32,32,32,0.0002164
development,0,256,1,1024,0,500,1,1024,256,64,48,48,0,0,256,0,0,0,0,0,256,0,0,32,0.0001931
development,0,256,1,1024,0,500,5,1024,256,2,272,2,0,0,256,0,0,0,0,0,256,0,0,32,0.00021709999999999999
development,1,64,1,32,0,0,1,32,32,0,0,0,32,32,64,0,0,0,32,32,64,0,0,32,1.45e-05
development,1,64,1,64,0,0,1,64,64,0,0,0,64,64,64,0,0,0,64,64,64,32,32,32,6.0000000000000002e-06
development,1,64,4,16,0,0,1,64,64,0,0,0,64,64,64,0,0,0,64,64,64,128,128,128,4.0999999999999997e-06
development,1,64,16,4,0,0,1,64,64,0,0,0,64,64,64,0,0,0,64,64,64,512,512,512,2.7e-06
development,1,64,64,1,0,0,1,64,64,0,0,0,64,64,64,0,0,0,64,64,64,2048,2048,2048,2.7e-06
development,1,64,1,64,1,0,1,64,64,0,0,0,1,1,64,0,0,64,0,0,64,0,0,32,1.2e-05
development,1,64,1,128,1,0,1,128,65,0,0,0,1,1,64,0,0,64,1,1,64,32,32,32,2.7399999999999999e-05
development,1,64,4,64,1,0,1,256,68,0,0,0,4,4,64,0,0,64,4,4,64,128,128,128,4.5899999999999998e-05
development,1,64,64,2,1,0,1,128,128,0,0,0,64,64,64,64,64,64,64,64,64,2048,2048,2048,3.4999999999999999e-06
development,1,256,1,128,0,0,1,128,128,0,0,0,128,128,256,0,0,0,128,128,256,0,0,32,1.4100000000000001e-05
development,1,256,1,256,0,0,1,256,256,0,0,0,256,256,256,0,0,0,256,256,256,32,32,32,5.0000000000000002e-05
development,1,256,4,64,0,0,1,256,256,0,0,0,256,256,256,0,0,0,256,256,256,128,128,128,1.9899999999999999e-05
development,1,256,16,16,0,0,1,256,256,0,0,0,256,256,256,0,0,0,256,256,256,512,512,512,1.26e-05
development,1,256,256,1,0,0,1,256,256,0,0,0,256,256,256,0,0,0,256,256,256,8192,8192,8192,9.0999999999999993e-06
development,1,256,1,256,1,0,1,256,256,0,0,0,1,1,256,0,0,256,0,0,256,0,0,32,0.00024269999999999999
development,1,256,1,512,1,0,1,512,257,0,0,0,1,1,256,0,0,256,1,1,256,32,32,32,0.00051290000000000005
development,1,256,4,256,1,0,1,1024,260,0,0,0,4,4,256,0,0,256,4,4,256,128,128,128,0.0010064
development,1,256,256,2,1,0,1,512,512,0,0,0,256,256,256,256,256,256,256,256,256,8192,8192,8192,2.27e-05
development,1,1024,1,512,0,0,1,512,512,0,0,0,512,512,1024,0,0,0,512,512,1024,0,0,32,0.0001841
development,1,1024,1,1024,0,0,1,1024,1024,0,0,0,1024,1024,1024,0,0,0,1024,1024,1024,32,32,32,0.00068720000000000001
development,1,1024,4,256,0,0,1,1024,1024,0,0,0,1024,1024,1024,0,0,0,1024,1024,1024,128,128,128,0.0002432
development,1,1024,16,64,0,0,1,1024,1024,0,0,0,1024,1024,1024,0,0,0,1024,1024,1024,512,512,512,0.00012779999999999999
development,1,1024,1024,1,0,0,1,1024,1024,0,0,0,1024,1024,1024,0,0,0,1024,1024,1024,32768,32768,32768,7.3100000000000001e-05
development,1,1024,1,1024,1,0,1,1024,1024,0,0,0,1,1,1024,0,0,1024,0,0,1024,0,0,32,0.0054095999999999997
development,1,1024,1,2048,1,0,1,2048,1025,0,0,0,1,1,1024,0,0,1024,1,1,1024,32,32,32,0.0109683
development,1,1024,4,1024,1,0,1,4096,1028,0,0,0,4,4,1024,0,0,1024,4,4,1024,128,128,128,0.023158999999999999
development,1,1024,1024,2,1,0,1,2048,2048,0,0,0,1024,1024,1024,1024,1024,1024,1024,1024,1024,32768,32768,32768,0.00024820000000000002
development,1,256,1,256,0,100,1,256,256,0,3,3,256,253,256,0,0,0,256,253,256,32,32,32,4.8900000000000003e-05
development,1,256,1,256,0,100,5,256,256,0,16,0,256,256,256,0,0,0,256,256,256,32,32,32,5.4700000000000001e-05
development,1,256,1,256,0,500,1,256,256,0,9,9,256,247,256,0,0,0,256,247,256,32,32,32,4.5800000000000002e-05
development,1,256,1,256,0,500,5,256,256,0,64,1,256,255,256,0,0,0,256,255,256,32,32,32,5.2800000000000003e-05
development,1,256,1,1024,0,100,1,1024,256,18,12,12,0,0,256,0,0,0,0,0,256,0,0,32,0.0001908
development,1,256,1,1024,0,100,5,1024,256,0,58,0,256,256,256,0,0,0,256,256,256,32,32,32,0.00022340000000000001
development,1,256,1,1024,0,500,1,1024,256,62,48,48,0,0,256,0,0,0,0,0,256,0,0,32,0.00019100000000000001
development,1,256,1,1024,0,500,5,1024,256,4,276,2,0,0,256,0,0,0,0,0,256,0,0,32,0.00021670000000000001
development,42,64,1,32,0,0,1,32,32,0,0,0,32,32,64,0,0,0,32,32,64,0,0,32,3.4000000000000001e-06
development,42,64,1,64,0,0,1,64,64,0,0,0,64,64,64,0,0,0,64,64,64,32,32,32,4.5000000000000001e-06
development,42,64,4,16,0,0,1,64,64,0,0,0,64,64,64,0,0,0,64,64,64,128,128,128,2.7999999999999999e-06
development,42,64,16,4,0,0,1,64,64,0,0,0,64,64,64,0,0,0,64,64,64,512,512,512,1.9999999999999999e-06
development,42,64,64,1,0,0,1,64,64,0,0,0,64,64,64,0,0,0,64,64,64,2048,2048,2048,1.7999999999999999e-06
development,42,64,1,64,1,0,1,64,64,0,0,0,1,1,64,0,0,64,0,0,64,0,0,32,1.1e-05
development,42,64,1,128,1,0,1,128,65,0,0,0,1,1,64,0,0,64,1,1,64,32,32,32,2.3900000000000002e-05
development,42,64,4,64,1,0,1,256,68,0,0,0,4,4,64,0,0,64,4,4,64,128,128,128,4.6e-05
development,42,64,64,2,1,0,1,128,128,0,0,0,64,64,64,64,64,64,64,64,64,2048,2048,2048,3.4000000000000001e-06
development,42,256,1,128,0,0,1,128,128,0,0,0,128,128,256,0,0,0,128,128,256,0,0,32,2.7900000000000001e-05
development,42,256,1,256,0,0,1,256,256,0,0,0,256,256,256,0,0,0,256,256,256,32,32,32,9.4699999999999998e-05
development,42,256,4,64,0,0,1,256,256,0,0,0,256,256,256,0,0,0,256,256,256,128,128,128,4.2899999999999999e-05
development,42,256,16,16,0,0,1,256,256,0,0,0,256,256,256,0,0,0,256,256,256,512,512,512,1.2500000000000001e-05
development,42,256,256,1,0,0,1,256,256,0,0,0,256,256,256,0,0,0,256,256,256,8192,8192,8192,7.4000000000000003e-06
development,42,256,1,256,1,0,1,256,256,0,0,0,1,1,256,0,0,256,0,0,256,0,0,32,0.00024159999999999999
development,42,256,1,512,1,0,1,512,257,0,0,0,1,1,256,0,0,256,1,1,256,32,32,32,0.00049969999999999995
development,42,256,4,256,1,0,1,1024,260,0,0,0,4,4,256,0,0,256,4,4,256,128,128,128,0.00095850000000000004
development,42,256,256,2,1,0,1,512,512,0,0,0,256,256,256,256,256,256,256,256,256,8192,8192,8192,2.1800000000000001e-05
development,42,1024,1,512,0,0,1,512,512,0,0,0,512,512,1024,0,0,0,512,512,1024,0,0,32,0.0001897
development,42,1024,1,1024,0,0,1,1024,1024,0,0,0,1024,1024,1024,0,0,0,1024,1024,1024,32,32,32,0.00069220000000000002
development,42,1024,4,256,0,0,1,1024,1024,0,0,0,1024,1024,1024,0,0,0,1024,1024,1024,128,128,128,0.00024620000000000002
development,42,1024,16,64,0,0,1,1024,1024,0,0,0,1024,1024,1024,0,0,0,1024,1024,1024,512,512,512,0.00012530000000000001
development,42,1024,1024,1,0,0,1,1024,1024,0,0,0,1024,1024,1024,0,0,0,1024,1024,1024,32768,32768,32768,7.6500000000000003e-05
development,42,1024,1,1024,1,0,1,1024,1024,0,0,0,1,1,1024,0,0,1024,0,0,1024,0,0,32,0.0053880000000000004
development,42,1024,1,2048,1,0,1,2048,1025,0,0,0,1,1,1024,0,0,1024,1,1,1024,32,32,32,0.0115455
development,42,1024,4,1024,1,0,1,4096,1028,0,0,0,4,4,1024,0,0,1024,4,4,1024,128,128,128,0.023291800000000001
development,42,1024,1024,2,1,0,1,2048,2048,0,0,0,1024,1024,1024,1024,1024,1024,1024,1024,1024,32768,32768,32768,0.00023560000000000001
development,42,256,1,256,0,100,1,256,256,0,1,1,256,255,256,0,0,0,256,255,256,32,31,32,4.8399999999999997e-05
development,42,256,1,256,0,100,5,256,256,0,9,0,256,256,256,0,0,0,256,256,256,32,32,32,5.5699999999999999e-05
development,42,256,1,256,0,500,1,256,256,0,12,12,256,244,256,0,0,0,256,244,256,32,29,32,4.6999999999999997e-05
development,42,256,1,256,0,500,5,256,256,0,60,0,256,256,256,0,0,0,256,256,256,32,32,32,5.4599999999999999e-05
development,42,256,1,1024,0,100,1,1024,256,9,7,7,0,0,256,0,0,0,0,0,256,0,0,32,0.0001908
development,42,256,1,1024,0,100,5,1024,256,0,50,0,256,256,256,0,0,0,256,256,256,32,32,32,0.0002187
development,42,256,1,1024,0,500,1,1024,256,76,52,52,0,0,256,0,0,0,0,0,256,0,0,32,0.00019430000000000001
development,42,256,1,1024,0,500,5,1024,256,1,270,1,0,0,256,0,0,0,0,0,256,0,0,32,0.00021440000000000001
development,12345,64,1,32,0,0,1,32,32,0,0,0,32,32,64,0,0,0,32,32,64,0,0,32,2.6000000000000001e-06
development,12345,64,1,64,0,0,1,64,64,0,0,0,64,64,64,0,0,0,64,64,64,32,32,32,4.6e-06
development,12345,64,4,16,0,0,1,64,64,0,0,0,64,64,64,0,0,0,64,64,64,128,128,128,2.9000000000000002e-06
development,12345,64,16,4,0,0,1,64,64,0,0,0,64,64,64,0,0,0,64,64,64,512,512,512,2.0999999999999998e-06
development,12345,64,64,1,0,0,1,64,64,0,0,0,64,64,64,0,0,0,64,64,64,2048,2048,2048,1.7999999999999999e-06
development,12345,64,1,64,1,0,1,64,64,0,0,0,1,1,64,0,0,64,0,0,64,0,0,32,1.11e-05
development,12345,64,1,128,1,0,1,128,65,0,0,0,1,1,64,0,0,64,1,1,64,32,32,32,2.4000000000000001e-05
development,12345,64,4,64,1,0,1,256,68,0,0,0,4,4,64,0,0,64,4,4,64,128,128,128,4.6199999999999998e-05
development,12345,64,64,2,1,0,1,128,128,0,0,0,64,64,64,64,64,64,64,64,64,2048,2048,2048,3.4000000000000001e-06
development,12345,256,1,128,0,0,1,128,128,0,0,0,128,128,256,0,0,0,128,128,256,0,0,32,1.5099999999999999e-05
development,12345,256,1,256,0,0,1,256,256,0,0,0,256,256,256,0,0,0,256,256,256,32,32,32,4.7299999999999998e-05
development,12345,256,4,64,0,0,1,256,256,0,0,0,256,256,256,0,0,0,256,256,256,128,128,128,2.02e-05
development,12345,256,16,16,0,0,1,256,256,0,0,0,256,256,256,0,0,0,256,256,256,512,512,512,1.26e-05
development,12345,256,256,1,0,0,1,256,256,0,0,0,256,256,256,0,0,0,256,256,256,8192,8192,8192,7.7000000000000008e-06
development,12345,256,1,256,1,0,1,256,256,0,0,0,1,1,256,0,0,256,0,0,256,0,0,32,0.00027320000000000003
development,12345,256,1,512,1,0,1,512,257,0,0,0,1,1,256,0,0,256,1,1,256,32,32,32,0.00050339999999999998
development,12345,256,4,256,1,0,1,1024,260,0,0,0,4,4,256,0,0,256,4,4,256,128,128,128,0.00096210000000000002
development,12345,256,256,2,1,0,1,512,512,0,0,0,256,256,256,256,256,256,256,256,256,8192,8192,8192,2.1800000000000001e-05
development,12345,1024,1,512,0,0,1,512,512,0,0,0,512,512,1024,0,0,0,512,512,1024,0,0,32,0.00018760000000000001
development,12345,1024,1,1024,0,0,1,1024,1024,0,0,0,1024,1024,1024,0,0,0,1024,1024,1024,32,32,32,0.00068780000000000002
development,12345,1024,4,256,0,0,1,1024,1024,0,0,0,1024,1024,1024,0,0,0,1024,1024,1024,128,128,128,0.00024279999999999999
development,12345,1024,16,64,0,0,1,1024,1024,0,0,0,1024,1024,1024,0,0,0,1024,1024,1024,512,512,512,0.00012879999999999999
development,12345,1024,1024,1,0,0,1,1024,1024,0,0,0,1024,1024,1024,0,0,0,1024,1024,1024,32768,32768,32768,7.3800000000000005e-05
development,12345,1024,1,1024,1,0,1,1024,1024,0,0,0,1,1,1024,0,0,1024,0,0,1024,0,0,32,0.0053026000000000002
development,12345,1024,1,2048,1,0,1,2048,1025,0,0,0,1,1,1024,0,0,1024,1,1,1024,32,32,32,0.0110534
development,12345,1024,4,1024,1,0,1,4096,1028,0,0,0,4,4,1024,0,0,1024,4,4,1024,128,128,128,0.0229216
development,12345,1024,1024,2,1,0,1,2048,2048,0,0,0,1024,1024,1024,1024,1024,1024,1024,1024,1024,32768,32768,32768,0.0002388
development,12345,256,1,256,0,100,1,256,256,0,3,3,256,253,256,0,0,0,256,253,256,32,32,32,4.8000000000000001e-05
development,12345,256,1,256,0,100,5,256,256,0,16,0,256,256,256,0,0,0,256,256,256,32,32,32,7.0599999999999995e-05
development,12345,256,1,256,0,500,1,256,256,0,10,10,256,246,256,0,0,0,256,246,256,32,30,32,4.9700000000000002e-05
development,12345,256,1,256,0,500,5,256,256,0,65,1,256,255,256,0,0,0,256,255,256,32,32,32,5.4400000000000001e-05
development,12345,256,1,1024,0,100,1,1024,256,22,16,16,0,0,256,0,0,0,0,0,256,0,0,32,0.00019440000000000001
development,12345,256,1,1024,0,100,5,1024,256,0,63,0,256,256,256,0,0,0,256,256,256,32,32,32,0.00021709999999999999
development,12345,256,1,1024,0,500,1,1024,256,70,54,54,0,0,256,0,0,0,0,0,256,0,0,32,0.0001917
development,12345,256,1,1024,0,500,5,1024,256,4,264,2,0,0,256,0,0,0,0,0,256,0,0,32,0.00021440000000000001
validation,20261009,64,1,32,0,0,1,32,32,0,0,0,32,32,64,0,0,0,32,32,64,0,0,32,2.7e-06
validation,20261009,64,1,64,0,0,1,64,64,0,0,0,64,64,64,0,0,0,64,64,64,32,32,32,4.6e-06
validation,20261009,64,4,16,0,0,1,64,64,0,0,0,64,64,64,0,0,0,64,64,64,128,128,128,2.7999999999999999e-06
validation,20261009,64,16,4,0,0,1,64,64,0,0,0,64,64,64,0,0,0,64,64,64,512,512,512,2.0999999999999998e-06
validation,20261009,64,64,1,0,0,1,64,64,0,0,0,64,64,64,0,0,0,64,64,64,2048,2048,2048,1.7e-06
validation,20261009,64,1,64,1,0,1,64,64,0,0,0,1,1,64,0,0,64,0,0,64,0,0,32,1.1e-05
validation,20261009,64,1,128,1,0,1,128,65,0,0,0,1,1,64,0,0,64,1,1,64,32,32,32,2.3600000000000001e-05
validation,20261009,64,4,64,1,0,1,256,68,0,0,0,4,4,64,0,0,64,4,4,64,128,128,128,4.9100000000000001e-05
validation,20261009,64,64,2,1,0,1,128,128,0,0,0,64,64,64,64,64,64,64,64,64,2048,2048,2048,3.4000000000000001e-06
validation,20261009,256,1,128,0,0,1,128,128,0,0,0,128,128,256,0,0,0,128,128,256,0,0,32,1.5699999999999999e-05
validation,20261009,256,1,256,0,0,1,256,256,0,0,0,256,256,256,0,0,0,256,256,256,32,32,32,4.7800000000000003e-05
validation,20261009,256,4,64,0,0,1,256,256,0,0,0,256,256,256,0,0,0,256,256,256,128,128,128,1.98e-05
validation,20261009,256,16,16,0,0,1,256,256,0,0,0,256,256,256,0,0,0,256,256,256,512,512,512,1.2500000000000001e-05
validation,20261009,256,256,1,0,0,1,256,256,0,0,0,256,256,256,0,0,0,256,256,256,8192,8192,8192,7.4000000000000003e-06
validation,20261009,256,1,256,1,0,1,256,256,0,0,0,1,1,256,0,0,256,0,0,256,0,0,32,0.00023939999999999999
validation,20261009,256,1,512,1,0,1,512,257,0,0,0,1,1,256,0,0,256,1,1,256,32,32,32,0.00050120000000000004
validation,20261009,256,4,256,1,0,1,1024,260,0,0,0,4,4,256,0,0,256,4,4,256,128,128,128,0.00097460000000000005
validation,20261009,256,256,2,1,0,1,512,512,0,0,0,256,256,256,256,256,256,256,256,256,8192,8192,8192,2.1999999999999999e-05
validation,20261009,1024,1,512,0,0,1,512,512,0,0,0,512,512,1024,0,0,0,512,512,1024,0,0,32,0.00018780000000000001
validation,20261009,1024,1,1024,0,0,1,1024,1024,0,0,0,1024,1024,1024,0,0,0,1024,1024,1024,32,32,32,0.00068820000000000003
validation,20261009,1024,4,256,0,0,1,1024,1024,0,0,0,1024,1024,1024,0,0,0,1024,1024,1024,128,128,128,0.00024220000000000001
validation,20261009,1024,16,64,0,0,1,1024,1024,0,0,0,1024,1024,1024,0,0,0,1024,1024,1024,512,512,512,0.000125
validation,20261009,1024,1024,1,0,0,1,1024,1024,0,0,0,1024,1024,1024,0,0,0,1024,1024,1024,32768,32768,32768,7.2999999999999999e-05
validation,20261009,1024,1,1024,1,0,1,1024,1024,0,0,0,1,1,1024,0,0,1024,0,0,1024,0,0,32,0.0052690999999999997
validation,20261009,1024,1,2048,1,0,1,2048,1025,0,0,0,1,1,1024,0,0,1024,1,1,1024,32,32,32,0.011333899999999999
validation,20261009,1024,4,1024,1,0,1,4096,1028,0,0,0,4,4,1024,0,0,1024,4,4,1024,128,128,128,0.022640799999999999
validation,20261009,1024,1024,2,1,0,1,2048,2048,0,0,0,1024,1024,1024,1024,1024,1024,1024,1024,1024,32768,32768,32768,0.0002409
validation,20261009,256,1,256,0,100,1,256,256,0,2,2,256,254,256,0,0,0,256,254,256,32,32,32,4.6900000000000002e-05
validation,20261009,256,1,256,0,100,5,256,256,0,8,0,256,256,256,0,0,0,256,256,256,32,32,32,5.3199999999999999e-05
validation,20261009,256,1,256,0,500,1,256,256,0,17,17,256,239,256,0,0,0,256,239,256,32,30,32,4.6300000000000001e-05
validation,20261009,256,1,256,0,500,5,256,256,0,58,1,256,255,256,0,0,0,256,255,256,32,31,32,5.2099999999999999e-05
validation,20261009,256,1,1024,0,100,1,1024,256,8,6,6,0,0,256,0,0,0,0,0,256,0,0,32,0.00019120000000000001
validation,20261009,256,1,1024,0,100,5,1024,256,0,49,0,256,256,256,0,0,0,256,256,256,32,32,32,0.0002174
validation,20261009,256,1,1024,0,500,1,1024,256,71,43,43,0,0,256,0,0,0,0,0,256,0,0,32,0.00019230000000000001
validation,20261009,256,1,1024,0,500,5,1024,256,4,256,2,0,0,256,0,0,0,0,0,256,0,0,32,0.00024449999999999998
validation,314159265,64,1,32,0,0,1,32,32,0,0,0,32,32,64,0,0,0,32,32,64,0,0,32,3.3000000000000002e-06
validation,314159265,64,1,64,0,0,1,64,64,0,0,0,64,64,64,0,0,0,64,64,64,32,32,32,4.5000000000000001e-06
validation,314159265,64,4,16,0,0,1,64,64,0,0,0,64,64,64,0,0,0,64,64,64,128,128,128,2.6000000000000001e-06
validation,314159265,64,16,4,0,0,1,64,64,0,0,0,64,64,64,0,0,0,64,64,64,512,512,512,2.0999999999999998e-06
validation,314159265,64,64,1,0,0,1,64,64,0,0,0,64,64,64,0,0,0,64,64,64,2048,2048,2048,1.7999999999999999e-06
validation,314159265,64,1,64,1,0,1,64,64,0,0,0,1,1,64,0,0,64,0,0,64,0,0,32,1.13e-05
validation,314159265,64,1,128,1,0,1,128,65,0,0,0,1,1,64,0,0,64,1,1,64,32,32,32,2.3900000000000002e-05
validation,314159265,64,4,64,1,0,1,256,68,0,0,0,4,4,64,0,0,64,4,4,64,128,128,128,4.5899999999999998e-05
validation,314159265,64,64,2,1,0,1,128,128,0,0,0,64,64,64,64,64,64,64,64,64,2048,2048,2048,3.4000000000000001e-06
validation,314159265,256,1,128,0,0,1,128,128,0,0,0,128,128,256,0,0,0,128,128,256,0,0,32,1.63e-05
validation,314159265,256,1,256,0,0,1,256,256,0,0,0,256,256,256,0,0,0,256,256,256,32,32,32,4.7700000000000001e-05
validation,314159265,256,4,64,0,0,1,256,256,0,0,0,256,256,256,0,0,0,256,256,256,128,128,128,2.1100000000000001e-05
validation,314159265,256,16,16,0,0,1,256,256,0,0,0,256,256,256,0,0,0,256,256,256,512,512,512,1.4600000000000001e-05
validation,314159265,256,256,1,0,0,1,256,256,0,0,0,256,256,256,0,0,0,256,256,256,8192,8192,8192,7.7999999999999999e-06
validation,314159265,256,1,256,1,0,1,256,256,0,0,0,1,1,256,0,0,256,0,0,256,0,0,32,0.0002374
validation,314159265,256,1,512,1,0,1,512,257,0,0,0,1,1,256,0,0,256,1,1,256,32,32,32,0.00050819999999999999
validation,314159265,256,4,256,1,0,1,1024,260,0,0,0,4,4,256,0,0,256,4,4,256,128,128,128,0.00094709999999999998
validation,314159265,256,256,2,1,0,1,512,512,0,0,0,256,256,256,256,256,256,256,256,256,8192,8192,8192,1.88e-05
validation,314159265,1024,1,512,0,0,1,512,512,0,0,0,512,512,1024,0,0,0,512,512,1024,0,0,32,0.00018760000000000001
validation,314159265,1024,1,1024,0,0,1,1024,1024,0,0,0,1024,1024,1024,0,0,0,1024,1024,1024,32,32,32,0.00069300000000000004
validation,314159265,1024,4,256,0,0,1,1024,1024,0,0,0,1024,1024,1024,0,0,0,1024,1024,1024,128,128,128,0.0002432
validation,314159265,1024,16,64,0,0,1,1024,1024,0,0,0,1024,1024,1024,0,0,0,1024,1024,1024,512,512,512,0.00012540000000000001
validation,314159265,1024,1024,1,0,0,1,1024,1024,0,0,0,1024,1024,1024,0,0,0,1024,1024,1024,32768,32768,32768,7.2299999999999996e-05
validation,314159265,1024,1,1024,1,0,1,1024,1024,0,0,0,1,1,1024,0,0,1024,0,0,1024,0,0,32,0.0052573000000000003
validation,314159265,1024,1,2048,1,0,1,2048,1025,0,0,0,1,1,1024,0,0,1024,1,1,1024,32,32,32,0.0110668
validation,314159265,1024,4,1024,1,0,1,4096,1028,0,0,0,4,4,1024,0,0,1024,4,4,1024,128,128,128,0.022847300000000001
validation,314159265,1024,1024,2,1,0,1,2048,2048,0,0,0,1024,1024,1024,1024,1024,1024,1024,1024,1024,32768,32768,32768,0.0002364
validation,314159265,256,1,256,0,100,1,256,256,0,3,3,256,253,256,0,0,0,256,253,256,32,31,32,4.6100000000000002e-05
validation,314159265,256,1,256,0,100,5,256,256,0,10,0,256,256,256,0,0,0,256,256,256,32,32,32,5.3000000000000001e-05
validation,314159265,256,1,256,0,500,1,256,256,0,18,18,256,238,256,0,0,0,256,238,256,32,28,32,4.5899999999999998e-05
validation,314159265,256,1,256,0,500,5,256,256,0,66,0,256,256,256,0,0,0,256,256,256,32,32,32,5.1600000000000001e-05
validation,314159265,256,1,1024,0,100,1,1024,256,16,10,10,0,0,256,0,0,0,0,0,256,0,0,32,0.0001906
validation,314159265,256,1,1024,0,100,5,1024,256,0,44,0,256,256,256,0,0,0,256,256,256,32,32,32,0.00021450000000000001
validation,314159265,256,1,1024,0,500,1,1024,256,93,57,57,0,0,256,0,0,0,0,0,256,0,0,32,0.00019100000000000001
validation,314159265,256,1,1024,0,500,5,1024,256,1,262,1,0,0,256,0,0,0,0,0,256,0,0,32,0.00021440000000000001
validation,2718281828,64,1,32,0,0,1,32,32,0,0,0,32,32,64,0,0,0,32,32,64,0,0,32,3.3000000000000002e-06
validation,2718281828,64,1,64,0,0,1,64,64,0,0,0,64,64,64,0,0,0,64,64,64,32,32,32,4.7999999999999998e-06
validation,2718281828,64,4,16,0,0,1,64,64,0,0,0,64,64,64,0,0,0,64,64,64,128,128,128,2.6000000000000001e-06
validation,2718281828,64,16,4,0,0,1,64,64,0,0,0,64,64,64,0,0,0,64,64,64,512,512,512,2.0999999999999998e-06
validation,2718281828,64,64,1,0,0,1,64,64,0,0,0,64,64,64,0,0,0,64,64,64,2048,2048,2048,1.7e-06
validation,2718281828,64,1,64,1,0,1,64,64,0,0,0,1,1,64,0,0,64,0,0,64,0,0,32,1.1e-05
validation,2718281828,64,1,128,1,0,1,128,65,0,0,0,1,1,64,0,0,64,1,1,64,32,32,32,2.3799999999999999e-05
validation,2718281828,64,4,64,1,0,1,256,68,0,0,0,4,4,64,0,0,64,4,4,64,128,128,128,4.6199999999999998e-05
validation,2718281828,64,64,2,1,0,1,128,128,0,0,0,64,64,64,64,64,64,64,64,64,2048,2048,2048,3.5999999999999998e-06
validation,2718281828,256,1,128,0,0,1,128,128,0,0,0,128,128,256,0,0,0,128,128,256,0,0,32,1.66e-05
validation,2718281828,256,1,256,0,0,1,256,256,0,0,0,256,256,256,0,0,0,256,256,256,32,32,32,4.8600000000000002e-05
validation,2718281828,256,4,64,0,0,1,256,256,0,0,0,256,256,256,0,0,0,256,256,256,128,128,128,2.02e-05
validation,2718281828,256,16,16,0,0,1,256,256,0,0,0,256,256,256,0,0,0,256,256,256,512,512,512,1.2799999999999999e-05
validation,2718281828,256,256,1,0,0,1,256,256,0,0,0,256,256,256,0,0,0,256,256,256,8192,8192,8192,7.7999999999999999e-06
validation,2718281828,256,1,256,1,0,1,256,256,0,0,0,1,1,256,0,0,256,0,0,256,0,0,32,0.00025379999999999999
validation,2718281828,256,1,512,1,0,1,512,257,0,0,0,1,1,256,0,0,256,1,1,256,32,32,32,0.00052309999999999998
validation,2718281828,256,4,256,1,0,1,1024,260,0,0,0,4,4,256,0,0,256,4,4,256,128,128,128,0.00096190000000000002
validation,2718281828,256,256,2,1,0,1,512,512,0,0,0,256,256,256,256,256,256,256,256,256,8192,8192,8192,2.0400000000000001e-05
validation,2718281828,1024,1,512,0,0,1,512,512,0,0,0,512,512,1024,0,0,0,512,512,1024,0,0,32,0.00018430000000000001
validation,2718281828,1024,1,1024,0,0,1,1024,1024,0,0,0,1024,1024,1024,0,0,0,1024,1024,1024,32,32,32,0.00068409999999999999
validation,2718281828,1024,4,256,0,0,1,1024,1024,0,0,0,1024,1024,1024,0,0,0,1024,1024,1024,128,128,128,0.00023360000000000001
validation,2718281828,1024,16,64,0,0,1,1024,1024,0,0,0,1024,1024,1024,0,0,0,1024,1024,1024,512,512,512,0.00012349999999999999
validation,2718281828,1024,1024,1,0,0,1,1024,1024,0,0,0,1024,1024,1024,0,0,0,1024,1024,1024,32768,32768,32768,6.8700000000000003e-05
validation,2718281828,1024,1,1024,1,0,1,1024,1024,0,0,0,1,1,1024,0,0,1024,0,0,1024,0,0,32,0.0052450999999999999
validation,2718281828,1024,1,2048,1,0,1,2048,1025,0,0,0,1,1,1024,0,0,1024,1,1,1024,32,32,32,0.011462399999999999
validation,2718281828,1024,4,1024,1,0,1,4096,1028,0,0,0,4,4,1024,0,0,1024,4,4,1024,128,128,128,0.025826399999999999
validation,2718281828,1024,1024,2,1,0,1,2048,2048,0,0,0,1024,1024,1024,1024,1024,1024,1024,1024,1024,32768,32768,32768,0.00023499999999999999
validation,2718281828,256,1,256,0,100,1,256,256,0,0,0,256,256,256,0,0,0,256,256,256,32,32,32,4.6999999999999997e-05
validation,2718281828,256,1,256,0,100,5,256,256,0,10,0,256,256,256,0,0,0,256,256,256,32,32,32,5.3300000000000001e-05
validation,2718281828,256,1,256,0,500,1,256,256,0,12,12,256,244,256,0,0,0,256,244,256,32,30,32,4.6100000000000002e-05
validation,2718281828,256,1,256,0,500,5,256,256,0,67,1,256,255,256,0,0,0,256,255,256,32,32,32,5.1400000000000003e-05
validation,2718281828,256,1,1024,0,100,1,1024,256,6,6,6,0,0,256,0,0,0,0,0,256,0,0,32,0.00019029999999999999
validation,2718281828,256,1,1024,0,100,5,1024,256,0,48,0,256,256,256,0,0,0,256,256,256,32,32,32,0.000222
validation,2718281828,256,1,1024,0,500,1,1024,256,74,52,52,0,0,256,0,0,0,0,0,256,0,0,32,0.0001907
validation,2718281828,256,1,1024,0,500,5,1024,256,3,239,1,0,0,256,0,0,0,0,0,256,0,0,32,0.00021560000000000001
validation,18446744073709551615,64,1,32,0,0,1,32,32,0,0,0,32,32,64,0,0,0,32,32,64,0,0,32,2.7999999999999999e-06
validation,18446744073709551615,64,1,64,0,0,1,64,64,0,0,0,64,64,64,0,0,0,64,64,64,32,32,32,4.5000000000000001e-06
validation,18446744073709551615,64,4,16,0,0,1,64,64,0,0,0,64,64,64,0,0,0,64,64,64,128,128,128,2.6000000000000001e-06
validation,18446744073709551615,64,16,4,0,0,1,64,64,0,0,0,64,64,64,0,0,0,64,64,64,512,512,512,2.0999999999999998e-06
validation,18446744073709551615,64,64,1,0,0,1,64,64,0,0,0,64,64,64,0,0,0,64,64,64,2048,2048,2048,1.7e-06
validation,18446744073709551615,64,1,64,1,0,1,64,64,0,0,0,1,1,64,0,0,64,0,0,64,0,0,32,1.11e-05
validation,18446744073709551615,64,1,128,1,0,1,128,65,0,0,0,1,1,64,0,0,64,1,1,64,32,32,32,2.4000000000000001e-05
validation,18446744073709551615,64,4,64,1,0,1,256,68,0,0,0,4,4,64,0,0,64,4,4,64,128,128,128,4.5599999999999997e-05
validation,18446744073709551615,64,64,2,1,0,1,128,128,0,0,0,64,64,64,64,64,64,64,64,64,2048,2048,2048,3.1999999999999999e-06
validation,18446744073709551615,256,1,128,0,0,1,128,128,0,0,0,128,128,256,0,0,0,128,128,256,0,0,32,1.5500000000000001e-05
validation,18446744073709551615,256,1,256,0,0,1,256,256,0,0,0,256,256,256,0,0,0,256,256,256,32,32,32,4.7200000000000002e-05
validation,18446744073709551615,256,4,64,0,0,1,256,256,0,0,0,256,256,256,0,0,0,256,256,256,128,128,128,1.9899999999999999e-05
validation,18446744073709551615,256,16,16,0,0,1,256,256,0,0,0,256,256,256,0,0,0,256,256,256,512,512,512,1.24e-05
validation,18446744073709551615,256,256,1,0,0,1,256,256,0,0,0,256,256,256,0,0,0,256,256,256,8192,8192,8192,7.6000000000000001e-06
validation,18446744073709551615,256,1,256,1,0,1,256,256,0,0,0,1,1,256,0,0,256,0,0,256,0,0,32,0.00023900000000000001
validation,18446744073709551615,256,1,512,1,0,1,512,257,0,0,0,1,1,256,0,0,256,1,1,256,32,32,32,0.00050659999999999995
validation,18446744073709551615,256,4,256,1,0,1,1024,260,0,0,0,4,4,256,0,0,256,4,4,256,128,128,128,0.00095520000000000002
validation,18446744073709551615,256,256,2,1,0,1,512,512,0,0,0,256,256,256,256,256,256,256,256,256,8192,8192,8192,1.9199999999999999e-05
validation,18446744073709551615,1024,1,512,0,0,1,512,512,0,0,0,512,512,1024,0,0,0,512,512,1024,0,0,32,0.00018819999999999999
validation,18446744073709551615,1024,1,1024,0,0,1,1024,1024,0,0,0,1024,1024,1024,0,0,0,1024,1024,1024,32,32,32,0.00068900000000000005
validation,18446744073709551615,1024,4,256,0,0,1,1024,1024,0,0,0,1024,1024,1024,0,0,0,1024,1024,1024,128,128,128,0.00024120000000000001
validation,18446744073709551615,1024,16,64,0,0,1,1024,1024,0,0,0,1024,1024,1024,0,0,0,1024,1024,1024,512,512,512,0.00013210000000000001
validation,18446744073709551615,1024,1024,1,0,0,1,1024,1024,0,0,0,1024,1024,1024,0,0,0,1024,1024,1024,32768,32768,32768,7.2600000000000003e-05
validation,18446744073709551615,1024,1,1024,1,0,1,1024,1024,0,0,0,1,1,1024,0,0,1024,0,0,1024,0,0,32,0.0053347999999999998
validation,18446744073709551615,1024,1,2048,1,0,1,2048,1025,0,0,0,1,1,1024,0,0,1024,1,1,1024,32,32,32,0.0132097
validation,18446744073709551615,1024,4,1024,1,0,1,4096,1028,0,0,0,4,4,1024,0,0,1024,4,4,1024,128,128,128,0.026504300000000001
validation,18446744073709551615,1024,1024,2,1,0,1,2048,2048,0,0,0,1024,1024,1024,1024,1024,1024,1024,1024,1024,32768,32768,32768,0.0002856
validation,18446744073709551615,256,1,256,0,100,1,256,256,0,3,3,256,253,256,0,0,0,256,253,256,32,32,32,5.2299999999999997e-05
validation,18446744073709551615,256,1,256,0,100,5,256,256,0,12,0,256,256,256,0,0,0,256,256,256,32,32,32,5.9899999999999999e-05
validation,18446744073709551615,256,1,256,0,500,1,256,256,0,13,13,256,243,256,0,0,0,256,243,256,32,31,32,5.1600000000000001e-05
validation,18446744073709551615,256,1,256,0,500,5,256,256,0,61,1,256,255,256,0,0,0,256,255,256,32,32,32,5.7399999999999999e-05
validation,18446744073709551615,256,1,1024,0,100,1,1024,256,16,10,10,0,0,256,0,0,0,0,0,256,0,0,32,0.0002219
validation,18446744073709551615,256,1,1024,0,100,5,1024,256,0,48,0,256,256,256,0,0,0,256,256,256,32,32,32,0.0002476
validation,18446744073709551615,256,1,1024,0,500,1,1024,256,71,49,49,0,0,256,0,0,0,0,0,256,0,0,32,0.00021800000000000001
validation,18446744073709551615,256,1,1024,0,500,5,1024,256,5,273,3,0,0,256,0,0,0,0,0,256,0,0,32,0.00024560000000000001
