mib,threads,repeat,passes,milliseconds,read_gb_s,checksum
32,1,0,65,27.3771,79.6665,12564608636745154560
32,1,1,65,26.5404,82.178,12564608636745154560
32,1,2,65,27.8552,78.2991,12564608636745154560
32,4,0,65,7.182,303.681,13017299490044903424
32,4,1,65,6.8075,320.388,13017299490044903424
32,4,2,65,6.812,320.176,13017299490044903424
32,8,0,65,4.4891,485.852,12572727804669460480
32,8,1,65,4.3923,496.559,12572727804669460480
32,8,2,65,4.2454,513.741,12572727804669460480
32,16,0,65,3.7744,577.85,9319049008817111040
32,16,1,65,3.5503,614.325,9319049008817111040
32,16,2,65,3.4101,639.582,9319049008817111040
96,1,0,22,32.9733,67.1632,8622034971076329472
96,1,1,22,31.0602,71.3,8622034971076329472
96,1,2,22,30.5308,72.5363,8622034971076329472
96,4,0,22,31.2622,70.8393,3240702390625632256
96,4,1,22,16.6747,132.812,3240702390625632256
96,4,2,22,9.0589,244.466,3240702390625632256
96,8,0,22,7.1018,311.835,12546092342299328512
96,8,1,22,6.9506,318.619,12546092342299328512
96,8,2,22,5.7036,388.28,12546092342299328512
96,16,0,22,4.7103,470.16,9514328064650117120
96,16,1,22,4.6671,474.511,9514328064650117120
96,16,2,22,4.5541,486.285,9514328064650117120
384,1,0,6,42.5521,56.7756,1744301195180113920
384,1,1,6,57.6857,41.8807,1744301195180113920
384,1,2,6,39.3516,61.3932,1744301195180113920
384,4,0,6,34.5359,69.9538,15826452632790106112
384,4,1,6,35.4108,68.2255,15826452632790106112
384,4,2,6,35.0018,69.0227,15826452632790106112
384,8,0,6,35.8175,67.4508,9189727424231768064
384,8,1,6,35.6015,67.86,9189727424231768064
384,8,2,6,32.2248,74.9708,9189727424231768064
384,16,0,6,35.1069,68.8161,12173678010737623040
384,16,1,6,32.96,73.2985,12173678010737623040
384,16,2,6,32.9408,73.3412,12173678010737623040
