seed,limbs,bits,mask_parity,first_return,period_bound,midpoint_correct,final_return,hamming_min,hamming_max
0,1,64,0,64,128,1,1,1,1
0,2,128,1,256,256,1,1,1,1
0,3,192,0,192,384,1,1,1,1
0,7,448,0,448,896,1,1,1,1
0,17,1088,1,2176,2176,1,1,1,1
1,1,64,1,128,128,1,1,1,1
1,2,128,0,128,256,1,1,1,1
1,3,192,1,384,384,1,1,1,1
1,7,448,0,448,896,1,1,1,1
1,17,1088,1,2176,2176,1,1,1,1
42,1,64,1,128,128,1,1,1,1
42,2,128,1,256,256,1,1,1,1
42,3,192,1,384,384,1,1,1,1
42,7,448,0,448,896,1,1,1,1
42,17,1088,0,1088,2176,1,1,1,1
12345,1,64,1,128,128,1,1,1,1
12345,2,128,0,128,256,1,1,1,1
12345,3,192,1,384,384,1,1,1,1
12345,7,448,1,896,896,1,1,1,1
12345,17,1088,1,2176,2176,1,1,1,1
20261009,1,64,0,64,128,1,1,1,1
20261009,2,128,0,128,256,1,1,1,1
20261009,3,192,1,384,384,1,1,1,1
20261009,7,448,0,448,896,1,1,1,1
20261009,17,1088,0,1088,2176,1,1,1,1
314159265,1,64,1,128,128,1,1,1,1
314159265,2,128,0,128,256,1,1,1,1
314159265,3,192,0,192,384,1,1,1,1
314159265,7,448,0,448,896,1,1,1,1
314159265,17,1088,1,2176,2176,1,1,1,1
2718281828,1,64,0,64,128,1,1,1,1
2718281828,2,128,1,256,256,1,1,1,1
2718281828,3,192,1,384,384,1,1,1,1
2718281828,7,448,0,448,896,1,1,1,1
2718281828,17,1088,0,1088,2176,1,1,1,1
18446744073709551615,1,64,1,128,128,1,1,1,1
18446744073709551615,2,128,1,256,256,1,1,1,1
18446744073709551615,3,192,1,384,384,1,1,1,1
18446744073709551615,7,448,0,448,896,1,1,1,1
18446744073709551615,17,1088,1,2176,2176,1,1,1,1
