group,seed,layout,source,ones_fraction,atom_bias_min,atom_bias_max,atom_bias_sd,block_entropy,conditional_entropy,max_abs_correlation,cross_correlation,prediction_accuracy,survival_max_deviation,restricted_mean_trials,first_event_censored,events,completed_gaps,run_length_one_fraction,seconds
development,0,spaced,native,0.5001598596572876,0.4813232421875,0.51708984375,0.005521274068550473,7.999823623489691,0.9999999010073952,0.0008689831918661239,0.00010442733764648438,0.500349433216439,0.02758564980899203,238.982421875,21,4158,3155,0.4996199895515018,0.0127258
development,0,spaced,control,0.4999828338623047,0.48095703125,0.5159912109375,0.005491666650842472,7.999861700913112,0.9999999723866958,0.0007130456349205838,-0.0001068115234375,0.49988969061461797,0.017963458267439586,254.5302734375,24,4097,3097,0.4998020783207085,0.0136503
development,0,adjacent,native,0.4999415874481201,0.49072265625,0.508544921875,0.00361464325744768,7.98982228727205,0.9999963158401096,0.0060022226037850235,-0.0009965896606445312,1.0,0.0639758266257402,280.109375,13,4031,3020,0.5019368657078553,0.0126369
development,0,adjacent,control,0.4999828338623047,0.48095703125,0.5159912109375,0.005491666650842472,7.999861700913112,0.9999999723866958,0.0007130456349205838,-0.0001068115234375,0.49988969061461797,0.017963458267439586,254.5302734375,24,4097,3097,0.4998020783207085,0.0120185
development,1,spaced,native,0.5002027750015259,0.4814453125,0.5155029296875,0.005552475497118317,7.999811040427079,0.9999997439122211,0.0006473571296752301,0.0004649162292480469,0.49988488410545096,0.044570777651694926,236.3154296875,15,4247,3238,0.5004137455547087,0.0151758
development,1,spaced,control,0.5002243518829346,0.484375,0.5164794921875,0.005279294981220656,7.99982959983448,0.9999998185395744,0.0006359469506047599,-0.0002002716064453125,0.5002871889227267,0.016011083700985806,253.9423828125,17,4085,3078,0.5001395579186833,0.012542
development,1,adjacent,native,0.5001198053359985,0.490234375,0.5101318359375,0.003981591123179736,7.989583754823331,0.999999704360561,0.00781822484123107,2.1457672119140625e-05,1.0,0.04230351648583941,261.82421875,10,4492,3478,0.5006522833014283,0.0112726
development,1,adjacent,control,0.5002243518829346,0.484375,0.5164794921875,0.005279294981220656,7.99982959983448,0.9999998185395744,0.0006359469506047599,-0.0002002716064453125,0.5002871889227267,0.016011083700985806,253.9423828125,17,4085,3078,0.5001395579186833,0.0135315
development,42,spaced,native,0.5001136064529419,0.4815673828125,0.5174560546875,0.005567726000847115,7.999791745441341,0.9999998738845742,0.0005639976343101427,0.00014734268188476562,0.49977048918727696,0.029310236590088634,255.482421875,12,4236,3224,0.5005195207724862,0.0150823
development,42,spaced,control,0.49980711936950684,0.4808349609375,0.5196533203125,0.005616286721801885,7.99980779689816,0.9999998241774283,0.0005812757597194462,-6.008148193359375e-05,0.5002684435369755,0.03358848023108035,253.42578125,15,4094,3085,0.5001850232280449,0.0122837
development,42,adjacent,native,0.49980592727661133,0.4857177734375,0.5147705078125,0.0063881047350030995,7.988496112973682,0.9999998053288005,0.0037947112438725394,0.0011444091796875,1.0,0.024528108330822043,239.205078125,7,4087,3070,0.5002638796899486,0.0126165
development,42,adjacent,control,0.49980711936950684,0.4808349609375,0.5196533203125,0.005616286721801885,7.99980779689816,0.9999998241774283,0.0005812757597194462,-6.008148193359375e-05,0.5002684435369755,0.03358848023108035,253.42578125,15,4094,3085,0.5001850232280449,0.0130483
development,12345,spaced,native,0.5001094341278076,0.4820556640625,0.5167236328125,0.0056737249823775975,7.999839546243669,0.9999999649713656,0.0003600999694749474,-0.0006866455078125,0.49986661937061644,0.020837650110118205,256.126953125,17,4161,3154,0.4999059136098527,0.0142357
development,12345,spaced,control,0.49990391731262207,0.48388671875,0.521240234375,0.005593950917847508,7.999851025482271,0.9999999392998848,0.000581204253290668,-0.0001621246337890625,0.4996633040328535,0.023060719077157454,249.4912109375,23,4160,3159,0.499900878873984,0.011401
development,12345,adjacent,native,0.5000417232513428,0.489501953125,0.51025390625,0.004171510852248012,7.989055671426511,0.999996636656436,0.006022377619667729,-0.0005741119384765625,1.0,0.0620738172512674,279.7470703125,4,3768,2748,0.49924313750517185,0.0117461
development,12345,adjacent,control,0.49990391731262207,0.48388671875,0.521240234375,0.005593950917847508,7.999851025482271,0.9999999392998848,0.000581204253290668,-0.0001621246337890625,0.4996633040328535,0.023060719077157454,249.4912109375,23,4160,3159,0.499900878873984,0.012871
validation,20261009,spaced,native,0.5001811981201172,0.481201171875,0.5166015625,0.005688215204786017,7.9998365891602115,0.9999998933973292,0.0005880837912087822,0.00034999847412109375,0.5001309773748001,0.02983657690685465,253.181640625,16,4057,3049,0.4998296105605681,0.0154813
validation,20261009,spaced,control,0.5003941059112549,0.485107421875,0.516357421875,0.00531453454902992,7.999817069395829,0.9999995515207422,0.0004662407769097099,2.002716064453125e-05,0.5000783460994217,0.039155113791001395,258.439453125,14,4128,3118,0.5000666576517857,0.0129989
validation,20261009,adjacent,native,0.4999748468399048,0.4891357421875,0.5106201171875,0.0036775880696949545,7.989075744706942,0.999999996189807,0.008165174914944506,-0.00012922286987304688,1.0,0.09677816076660695,217.0556640625,12,5364,4352,0.4968642040798024,0.0107683
validation,20261009,adjacent,control,0.5003941059112549,0.485107421875,0.516357421875,0.00531453454902992,7.999817069395829,0.9999995515207422,0.0004662407769097099,2.002716064453125e-05,0.5000783460994217,0.039155113791001395,258.439453125,14,4128,3118,0.5000666576517857,0.012738
validation,314159265,spaced,native,0.4998602867126465,0.482666015625,0.51904296875,0.0054137065550068425,7.999811904861594,0.9999999383065815,0.0005072646253690971,-0.0009136199951171875,0.49976736495631846,0.021275736871295164,242.845703125,14,4222,3212,0.5002037841123753,0.0139278
validation,314159265,spaced,control,0.5000087022781372,0.4854736328125,0.5157470703125,0.005382650221273812,7.999795807722024,0.9999999990096128,0.0007338985320060054,-0.0003094673156738281,0.49981422842069645,0.02212132008720724,240.5771484375,17,4099,3092,0.4997688804847356,0.0131652
validation,314159265,adjacent,native,0.5000684261322021,0.4840087890625,0.51611328125,0.006088127354645632,7.986550344361532,0.9999863439101538,0.005235406983855162,0.00024318695068359375,1.0,0.019883989832286786,245.1318359375,0,4131,3107,0.4957178412899177,0.0122403
validation,314159265,adjacent,control,0.5000087022781372,0.4854736328125,0.5157470703125,0.005382650221273812,7.999795807722024,0.9999999990096128,0.0007338985320060054,-0.0003094673156738281,0.49981422842069645,0.02212132008720724,240.5771484375,17,4099,3092,0.4997688804847356,0.0117703
validation,2718281828,spaced,native,0.4996466636657715,0.4842529296875,0.517822265625,0.00556934325769242,7.999817971587147,0.9999996256300872,0.0003815628815628802,-0.00016021728515625,0.49937515380829334,0.026342279693213788,251.5302734375,11,4100,3087,0.5001805736182182,0.0150443
validation,2718281828,spaced,control,0.49999070167541504,0.481201171875,0.5166015625,0.005496659274699393,7.999823894125444,0.9999999096458444,0.0006003927241085005,-0.0006704330444335938,0.5002100444505968,0.020763197639931508,252.2373046875,20,4034,3030,0.5002688203448006,0.0126495
validation,2718281828,adjacent,native,0.49995243549346924,0.487060546875,0.5126953125,0.004796953761052111,7.988198390933864,0.9999754673890379,0.007855076943674377,-7.867813110351562e-05,1.0,0.03760292587528091,245.2138671875,1,3695,2672,0.5029159005620287,0.0121266
validation,2718281828,adjacent,control,0.49999070167541504,0.481201171875,0.5166015625,0.005496659274699393,7.999823894125444,0.9999999096458444,0.0006003927241085005,-0.0006704330444335938,0.5002100444505968,0.020763197639931508,252.2373046875,20,4034,3030,0.5002688203448006,0.0136904
validation,18446744073709551615,spaced,native,0.49998462200164795,0.485107421875,0.5159912109375,0.005578153034101015,7.999810427783301,0.9999998051406959,0.0005463656353794644,2.2411346435546875e-05,0.5001314580257168,0.03029008707936856,261.767578125,22,4058,3056,0.49962117533246486,0.0150907
validation,18446744073709551615,spaced,control,0.49985623359680176,0.481689453125,0.5191650390625,0.005330963790561066,7.999822485717094,0.999999728171506,0.0008100650341964499,-0.0006532669067382812,0.5000350875169189,0.021492135532165446,248.6240234375,12,4215,3203,0.4997561144400774,0.0136389
validation,18446744073709551615,adjacent,native,0.5000736713409424,0.486328125,0.513427734375,0.005751337541193302,7.9861345217204915,0.9999839547480093,0.004713872314125234,0.0006351470947265625,1.0,0.10465719751385383,194.697265625,0,5144,4120,0.5024074565991943,0.0130168
validation,18446744073709551615,adjacent,control,0.49985623359680176,0.481689453125,0.5191650390625,0.005330963790561066,7.999822485717094,0.999999728171506,0.0008100650341964499,-0.0006532669067382812,0.5000350875169189,0.021492135532165446,248.6240234375,12,4215,3203,0.4997561144400774,0.0125914
