"atoms","threads","steps","repeat","seconds","observations_per_second","process_wall_seconds","cpu_seconds","cpu_percent_machine","sampled_peak_working_set_bytes","checksum","ones"
"1000000","1","10000","0","2.65418","377140963","2.6789753","2.546875","5.941812434776835","4222976","6bcc9fb3a83b23dc","500521033"
"1000000","1","10000","1","2.6320731","380308586","2.6488614","2.4375","5.751291856946536","4231168","6bcc9fb3a83b23dc","500521033"
"1000000","1","10000","2","2.5919415","386196988","2.6200448","2.46875","5.889093003295211","4227072","6bcc9fb3a83b23dc","500521033"
"1000000","2","10000","0","1.437879","696164281","1.4685424","2.59375","11.038794317412966","4616192","6bcc9fb3a83b23dc","500521033"
"1000000","2","10000","1","1.4123949","708725301","1.4432881","2.640625","11.434935443588845","4612096","6bcc9fb3a83b23dc","500521033"
"1000000","2","10000","2","1.5178952","659465818","1.5460712","2.734375","11.053723625406125","4608000","6bcc9fb3a83b23dc","500521033"
"1000000","4","10000","0","0.7828064","1278732520","0.8230159","3.015625","22.900719475771975","4653056","6bcc9fb3a83b23dc","500521033"
"1000000","4","10000","1","0.926069","1080912980","0.955371","3.546875","23.20351858073984","4657152","6bcc9fb3a83b23dc","500521033"
"1000000","4","10000","2","0.9282014","1078429750","0.960871","3.40625","22.156004812300505","4648960","6bcc9fb3a83b23dc","500521033"
"1000000","8","10000","0","0.5274187","1897922850","0.5606928","3.90625","43.54267167332985","4722688","6bcc9fb3a83b23dc","500521033"
"1000000","8","10000","1","0.5264776","1901315460","0.5498818","3.921875","44.576341224605","4726784","6bcc9fb3a83b23dc","500521033"
"1000000","8","10000","2","0.5341204","1874109280","0.5584704","3.859375","43.191355799698606","4726784","6bcc9fb3a83b23dc","500521033"
"1000000","16","10000","0","0.4233387","2364536950","0.4548336","4.140625","56.89752527078035","4878336","6bcc9fb3a83b23dc","500521033"
"1000000","16","10000","1","0.4181095","2394109680","0.441394","4.078125","57.744965382402114","4870144","6bcc9fb3a83b23dc","500521033"
"1000000","16","10000","2","0.4729876","2116334550","0.5000352","4.078125","50.97297400263022","4874240","6bcc9fb3a83b23dc","500521033"
